Time (s),Power (W),Stator Body (Â°C)
0.0,537.057,24.815
0.1,537.057,24.813000000000002
0.2,537.057,24.811
0.30000000000000004,537.057,24.809
0.4,537.057,24.815333333333335
0.5,537.057,24.821666666666665
0.6000000000000001,537.057,24.828
0.7000000000000001,537.057,24.829333333333334
0.8,537.057,24.830666666666666
0.9,537.057,24.832
1.0,537.057,24.827666666666666
1.1,537.057,24.823333333333334
1.2000000000000002,537.057,24.819
1.3,537.057,24.82133333333333
1.4000000000000001,537.057,24.823666666666668
1.5,537.057,24.826
1.6,538.1206666666667,24.823666666666668
1.7000000000000002,539.1843333333334,24.82133333333333
1.8,540.248,24.819
1.9000000000000001,541.3116666666667,24.816
2.0,542.3753333333334,24.813
2.1,543.4390000000001,24.81
2.2,544.5026666666668,24.808666666666667
2.3000000000000003,545.5663333333333,24.807333333333332
2.4000000000000004,546.63,24.806
2.5,547.6936666666667,24.808666666666667
2.6,548.7573333333333,24.811333333333334
2.7,549.821,24.814
2.8000000000000003,550.8846666666667,24.82133333333333
2.9000000000000004,551.9483333333334,24.828666666666667
3.0,553.0120000000001,24.836
3.1,554.0756666666667,24.837666666666667
3.2,555.1393333333334,24.839333333333332
3.3000000000000003,556.2030000000001,24.841
3.4000000000000004,557.2666666666668,24.846666666666668
3.5,558.3303333333334,24.852333333333334
3.6,559.3940000000001,24.858
3.7,560.4576666666668,24.858333333333334
3.8000000000000003,561.5213333333334,24.858666666666668
3.9000000000000004,562.585,24.859
4.0,563.6486666666667,24.858666666666668
4.1000000000000005,564.7123333333334,24.858333333333334
4.2,565.7760000000001,24.858
4.3,566.8396666666667,24.855666666666668
4.4,567.9033333333334,24.85333333333333
4.5,568.9670000000001,24.851
4.6000000000000005,569.6569222222223,24.852999999999998
4.7,570.3468444444445,24.855
4.800000000000001,571.0367666666667,24.857
4.9,571.7266888888889,24.857333333333333
5.0,572.4166111111113,24.857666666666667
5.1000000000000005,573.1065333333335,24.858
5.2,573.7964555555557,24.858333333333334
5.300000000000001,574.4863777777779,24.858666666666668
5.4,575.1763000000001,24.859
5.5,575.8662222222223,24.858666666666668
5.6000000000000005,576.5561444444445,24.858333333333334
5.7,577.2460666666667,24.858
5.800000000000001,577.9359888888889,24.853666666666665
5.9,578.6259111111111,24.849333333333334
6.0,579.3158333333333,24.845
6.1000000000000005,580.0057555555557,24.844666666666665
6.2,580.6956777777779,24.844333333333335
6.300000000000001,581.3856000000001,24.844
6.4,582.0755222222223,24.849
6.5,582.7654444444445,24.854000000000003
6.6000000000000005,583.4553666666667,24.859
6.7,584.1452888888889,24.861666666666668
6.800000000000001,584.8352111111111,24.864333333333335
6.9,585.5251333333333,24.867
7.0,586.2150555555556,24.865333333333332
7.1000000000000005,586.9049777777778,24.863666666666667
7.2,587.5949,24.862
7.300000000000001,588.2848222222223,24.859333333333332
7.4,588.9747444444445,24.856666666666666
7.5,589.6646666666667,24.854
7.6000000000000005,589.7936222222222,24.855666666666668
7.7,589.9225777777777,24.857333333333333
7.800000000000001,590.0515333333334,24.859
7.9,590.1804888888889,24.862000000000002
8.0,590.3094444444445,24.865
8.1,590.4384,24.868
8.200000000000001,590.5673555555555,24.868666666666666
8.3,590.6963111111112,24.869333333333334
8.4,590.8252666666667,24.87
8.5,590.9542222222223,24.876333333333335
8.6,591.0831777777778,24.882666666666665
8.700000000000001,591.2121333333333,24.889
8.8,591.341088888889,24.89
8.9,591.4700444444445,24.891
9.0,591.599,24.892
9.1,591.7279555555556,24.897
9.200000000000001,591.8569111111111,24.902
9.3,591.9858666666668,24.907
9.4,592.1148222222223,24.912
9.5,592.2437777777778,24.917
9.600000000000001,592.3727333333334,24.922
9.700000000000001,592.5016888888889,24.932666666666666
9.8,592.6306444444446,24.943333333333335
9.9,592.7596000000001,24.954
10.0,592.8885555555556,24.96
10.100000000000001,593.0175111111112,24.966
10.200000000000001,593.1464666666667,24.972
10.3,593.2754222222223,24.974
10.4,593.4043777777779,24.976000000000003
10.5,593.5333333333334,24.978
10.600000000000001,593.4914111111112,24.982666666666667
10.700000000000001,593.4494888888889,24.987333333333336
10.8,593.4075666666668,24.992
10.9,593.3656444444446,24.995
11.0,593.3237222222223,24.998
11.100000000000001,593.2818000000001,25.001
11.200000000000001,593.2398777777779,25.001333333333335
11.3,593.1979555555556,25.001666666666665
11.4,593.1560333333334,25.002
11.5,593.1141111111112,25.006999999999998
11.600000000000001,593.072188888889,25.012
11.700000000000001,593.0302666666668,25.017
11.8,592.9883444444446,25.02
11.9,592.9464222222223,25.023
12.0,592.9045000000001,25.026
12.100000000000001,592.8625777777779,25.045333333333332
12.200000000000001,592.8206555555556,25.064666666666668
12.3,592.7787333333334,25.084
12.4,592.7368111111113,25.085
12.5,592.694888888889,25.086
12.600000000000001,592.6529666666668,25.087
12.700000000000001,592.6110444444446,25.089666666666666
12.8,592.5691222222223,25.092333333333332
12.9,592.5272000000001,25.095
13.0,592.4852777777779,25.101333333333333
13.100000000000001,592.4433555555556,25.107666666666667
13.200000000000001,592.4014333333334,25.114
13.3,592.3595111111113,25.122
13.4,592.317588888889,25.130000000000003
13.5,592.2756666666668,25.138
13.600000000000001,592.8016555555557,25.145333333333333
13.700000000000001,593.3276444444446,25.15266666666667
13.8,593.8536333333335,25.16
13.9,594.3796222222223,25.167
14.0,594.9056111111113,25.174
14.100000000000001,595.4316000000001,25.181
14.200000000000001,595.9575888888891,25.179000000000002
14.3,596.4835777777779,25.177
14.4,597.0095666666668,25.175
14.5,597.5355555555557,25.183666666666667
14.600000000000001,598.0615444444446,25.192333333333334
14.700000000000001,598.5875333333335,25.201
14.8,599.1135222222224,25.207
14.9,599.6395111111112,25.213
15.0,600.1655000000001,25.219
15.100000000000001,600.691488888889,25.220666666666666
15.200000000000001,601.217477777778,25.222333333333335
15.3,601.7434666666668,25.224
15.4,602.2694555555557,25.23125
15.5,602.7954444444446,25.238500000000002
15.600000000000001,603.3214333333335,25.24575
15.700000000000001,603.8474222222223,25.253
15.8,604.3734111111113,25.25733333333333
15.9,604.8994000000001,25.261666666666667
16.0,605.4253888888891,25.266
16.1,605.9513777777779,25.270666666666667
16.2,606.4773666666667,25.275333333333332
16.3,607.0033555555557,25.28
16.400000000000002,607.5293444444446,25.28666666666667
16.5,608.0553333333335,25.293333333333333
16.6,607.436088888889,25.3
16.7,606.8168444444445,25.309
16.8,606.1976000000001,25.318
16.900000000000002,605.5783555555556,25.327
17.0,604.9591111111112,25.328666666666667
17.1,604.3398666666667,25.330333333333336
17.2,603.7206222222223,25.332
17.3,603.1013777777778,25.343666666666667
17.400000000000002,602.4821333333333,25.355333333333334
17.5,601.862888888889,25.367
17.6,601.2436444444445,25.381333333333334
17.7,600.6244,25.395666666666667
17.8,600.0051555555556,25.41
17.900000000000002,599.3859111111111,25.412333333333333
18.0,598.7666666666667,25.41466666666667
18.1,598.1474222222222,25.417
18.2,597.5281777777777,25.431
18.3,596.9089333333333,25.445
18.400000000000002,596.2896888888888,25.459
18.5,595.6704444444443,25.466666666666665
18.6,595.0511999999999,25.474333333333334
18.7,594.4319555555555,25.482
18.8,593.812711111111,25.500333333333334
18.900000000000002,593.1934666666665,25.518666666666665
19.0,592.5742222222221,25.537
19.1,591.9549777777777,25.559666666666665
19.200000000000003,591.3357333333332,25.582333333333334
19.3,590.7164888888888,25.605
19.400000000000002,590.0972444444443,25.639333333333333
19.5,589.4779999999998,25.673666666666666
19.6,588.423422222222,25.708
19.700000000000003,587.3688444444442,25.752333333333333
19.8,586.3142666666665,25.796666666666667
19.900000000000002,585.2596888888887,25.841
20.0,584.205111111111,25.885
20.1,583.1505333333332,25.929
20.200000000000003,582.0959555555554,25.973
20.3,581.0413777777777,26.006666666666668
20.400000000000002,579.9867999999999,26.040333333333333
20.5,578.9322222222221,26.074
20.6,577.8776444444444,26.11366666666667
20.700000000000003,576.8230666666666,26.153333333333336
20.8,575.7684888888888,26.193
20.900000000000002,574.713911111111,26.232333333333337
21.0,573.6593333333333,26.27166666666667
21.1,572.6047555555555,26.311
21.200000000000003,571.5501777777777,26.34766666666667
21.3,570.4956,26.384333333333334
21.400000000000002,569.4410222222222,26.421
21.5,568.3864444444445,26.453333333333333
21.6,567.3318666666667,26.485666666666667
21.700000000000003,566.2772888888888,26.518
21.8,565.2227111111112,26.548000000000002
21.900000000000002,564.1681333333333,26.578
22.0,563.1135555555555,26.608
22.1,562.0589777777778,26.651666666666667
22.200000000000003,561.0044,26.695333333333338
22.3,559.9498222222222,26.739
22.400000000000002,558.8952444444444,26.77866666666667
22.5,557.8406666666667,26.818333333333335
22.6,558.2446555555556,26.858
22.700000000000003,558.6486444444445,26.898333333333333
22.8,559.0526333333333,26.938666666666666
22.900000000000002,559.4566222222222,26.979
23.0,559.8606111111112,27.026333333333334
23.1,560.2646000000001,27.073666666666664
23.200000000000003,560.668588888889,27.121
23.3,561.0725777777778,27.163999999999998
23.400000000000002,561.4765666666667,27.207
23.5,561.8805555555556,27.25
23.6,562.2845444444445,27.284333333333336
23.700000000000003,562.6885333333333,27.31866666666667
23.8,563.0925222222222,27.353
23.900000000000002,563.4965111111111,27.39
24.0,563.9005,27.427
24.1,564.304488888889,27.464
24.200000000000003,564.7084777777778,27.492333333333335
24.3,565.1124666666667,27.520666666666667
24.400000000000002,565.5164555555556,27.549
24.5,565.9204444444445,27.574666666666666
24.6,566.3244333333333,27.600333333333335
24.700000000000003,566.7284222222222,27.626
24.8,567.1324111111111,27.649
24.900000000000002,567.5364,27.672
25.0,567.940388888889,27.695
25.1,568.3443777777778,27.709666666666667
25.200000000000003,568.7483666666667,27.724333333333334
25.3,569.1523555555556,27.739
25.400000000000002,569.5563444444444,27.76
25.5,569.9603333333333,27.781
25.6,569.7466111111111,27.802
25.700000000000003,569.5328888888889,27.825333333333333
25.8,569.3191666666667,27.848666666666666
25.900000000000002,569.1054444444444,27.872
26.0,568.8917222222223,27.896
26.1,568.678,27.919999999999998
26.200000000000003,568.4642777777779,27.944
26.3,568.2505555555556,27.974666666666668
26.400000000000002,568.0368333333333,28.005333333333333
26.5,567.8231111111112,28.036
26.6,567.6093888888889,28.068
26.700000000000003,567.3956666666667,28.1
26.8,567.1819444444445,28.132
26.900000000000002,566.9682222222223,28.168333333333333
27.0,566.7545,28.204666666666665
27.1,566.5407777777779,28.241
27.200000000000003,566.3270555555556,28.284000000000002
27.3,566.1133333333335,28.327
27.400000000000002,565.8996111111112,28.37
27.5,565.6858888888889,28.402333333333335
27.6,565.4721666666668,28.434666666666665
27.700000000000003,565.2584444444445,28.467
27.8,565.0447222222223,28.497333333333334
27.900000000000002,564.8310000000001,28.527666666666665
28.0,564.6172777777779,28.558
28.1,564.4035555555557,28.589666666666666
28.200000000000003,564.1898333333335,28.621333333333332
28.3,563.9761111111112,28.653
28.400000000000002,563.7623888888891,28.67833333333333
28.5,563.5486666666668,28.703666666666663
28.6,563.752288888889,28.729
28.700000000000003,563.9559111111113,28.757
28.8,564.1595333333335,28.785
28.900000000000002,564.3631555555556,28.813
29.0,564.5667777777778,28.842333333333332
29.1,564.7704000000001,28.871666666666666
29.200000000000003,564.9740222222223,28.901
29.3,565.1776444444445,28.932333333333332
29.400000000000002,565.3812666666668,28.96366666666667
29.5,565.5848888888889,28.995
29.6,565.7885111111111,29.028000000000002
29.700000000000003,565.9921333333334,29.061
29.8,566.1957555555556,29.094
29.900000000000002,566.3993777777778,29.12366666666667
30.0,566.6030000000001,29.153333333333332
30.1,566.8066222222222,29.183
30.200000000000003,567.0102444444444,29.209333333333333
30.3,567.2138666666666,29.235666666666667
30.400000000000002,567.4174888888889,29.262
30.5,567.6211111111111,29.294333333333334
30.6,567.8247333333333,29.326666666666668
30.700000000000003,568.0283555555555,29.359
30.8,568.2319777777777,29.384
30.900000000000002,568.4355999999999,29.409000000000002
31.0,568.6392222222221,29.434
31.1,568.8428444444444,29.45775
31.200000000000003,569.0464666666666,29.4815
31.3,569.2500888888887,29.50525
31.400000000000002,569.453711111111,29.529
31.5,569.6573333333332,29.557
31.6,569.8925444444443,29.585
31.700000000000003,570.1277555555555,29.613
31.8,570.3629666666666,29.640333333333334
31.900000000000002,570.5981777777777,29.667666666666666
32.0,570.8333888888887,29.695
32.1,571.0686,29.725666666666665
32.2,571.303811111111,29.756333333333334
32.300000000000004,571.5390222222221,29.787
32.4,571.7742333333332,29.816
32.5,572.0094444444444,29.845
32.6,572.2446555555555,29.874
32.7,572.4798666666666,29.925
32.800000000000004,572.7150777777778,29.976000000000003
32.9,572.9502888888888,30.027
33.0,573.1854999999999,30.055666666666667
33.1,573.420711111111,30.084333333333333
33.2,573.6559222222222,30.113
33.300000000000004,573.8911333333333,30.136333333333333
33.4,574.1263444444444,30.159666666666666
33.5,574.3615555555555,30.183
33.6,574.5967666666667,30.209666666666667
33.7,574.8319777777778,30.236333333333334
33.800000000000004,575.0671888888888,30.263
33.9,575.3023999999999,30.293
34.0,575.5376111111111,30.323
34.1,575.7728222222222,30.353
34.2,576.0080333333333,30.382
34.300000000000004,576.2432444444445,30.411
34.4,576.4784555555556,30.44
34.5,576.7136666666667,30.472333333333335
34.6,576.6783444444444,30.504666666666665
34.7,576.6430222222222,30.537
34.800000000000004,576.6077,30.57
34.9,576.5723777777778,30.602999999999998
35.0,576.5370555555555,30.636
35.1,576.5017333333333,30.663
35.2,576.4664111111111,30.689999999999998
35.300000000000004,576.4310888888889,30.717
35.4,576.3957666666666,30.744999999999997
35.5,576.3604444444444,30.772999999999996
35.6,576.3251222222223,30.801
35.7,576.2898,30.830333333333332
35.800000000000004,576.2544777777778,30.859666666666666
35.9,576.2191555555555,30.889
36.0,576.1838333333333,30.917666666666666
36.1,576.1485111111111,30.946333333333335
36.2,576.1131888888889,30.975
36.300000000000004,576.0778666666666,31.00566666666667
36.4,576.0425444444444,31.03633333333333
36.5,576.0072222222223,31.067
36.6,575.9719,31.096333333333334
36.7,575.9365777777778,31.125666666666667
36.800000000000004,575.9012555555555,31.155
36.9,575.8659333333334,31.185333333333332
37.0,575.8306111111111,31.215666666666664
37.1,575.7952888888889,31.246
37.2,575.7599666666666,31.279333333333334
37.300000000000004,575.7246444444445,31.31266666666667
37.4,575.6893222222222,31.346
37.5,575.654,31.376333333333335
37.6,575.7444555555555,31.406666666666666
37.7,575.8349111111111,31.437
37.800000000000004,575.9253666666667,31.466
37.9,576.0158222222223,31.495
38.0,576.1062777777778,31.524
38.1,576.1967333333333,31.557333333333332
38.2,576.2871888888889,31.590666666666667
38.300000000000004,576.3776444444444,31.624
38.400000000000006,576.4681,31.654
38.5,576.5585555555556,31.683999999999997
38.6,576.6490111111111,31.714
38.7,576.7394666666667,31.748
38.800000000000004,576.8299222222222,31.782
38.900000000000006,576.9203777777777,31.816000000000003
39.0,577.0108333333333,31.849666666666668
39.1,577.1012888888889,31.883333333333333
39.2,577.1917444444445,31.917
39.300000000000004,577.2822,31.945
39.400000000000006,577.3726555555555,31.973
39.5,577.4631111111111,32.001
39.6,577.5535666666667,32.032333333333334
39.7,577.6440222222222,32.06366666666666
39.800000000000004,577.7344777777778,32.095
39.900000000000006,577.8249333333333,32.123
40.0,577.9153888888889,32.151
40.1,578.0058444444444,32.179
40.2,578.0963,32.208333333333336
40.300000000000004,578.1867555555556,32.23766666666667
40.400000000000006,578.2772111111111,32.267
40.5,578.3676666666667,32.29633333333334
40.6,578.2388111111111,32.32566666666666
40.7,578.1099555555555,32.355
40.800000000000004,577.9811,32.382999999999996
40.900000000000006,577.8522444444444,32.411
41.0,577.7233888888888,32.439
41.1,577.5945333333333,32.470666666666666
41.2,577.4656777777777,32.50233333333333
41.300000000000004,577.3368222222222,32.534
41.400000000000006,577.2079666666667,32.56633333333333
41.5,577.0791111111112,32.59866666666667
41.6,576.9502555555556,32.631
41.7,576.8214,32.660666666666664
41.800000000000004,576.6925444444445,32.690333333333335
41.900000000000006,576.5636888888889,32.72
42.0,576.4348333333334,32.74666666666666
42.1,576.3059777777778,32.77333333333333
42.2,576.1771222222222,32.8
42.300000000000004,576.0482666666667,32.821
42.400000000000006,575.9194111111111,32.842
42.5,575.7905555555556,32.863
42.6,575.6617,32.88733333333333
42.7,575.5328444444444,32.91166666666667
42.800000000000004,575.4039888888889,32.936
42.900000000000006,575.2751333333334,32.963
43.0,575.1462777777779,32.99
43.1,575.0174222222223,33.017
43.2,574.8885666666667,33.044000000000004
43.300000000000004,574.7597111111112,33.071000000000005
43.400000000000006,574.6308555555556,33.098
43.5,574.5020000000001,33.12533333333333
43.6,574.5697333333334,33.15266666666667
43.7,574.6374666666667,33.18
43.800000000000004,574.7052000000001,33.21233333333333
43.900000000000006,574.7729333333334,33.24466666666667
44.0,574.8406666666667,33.277
44.1,574.9084,33.31
44.2,574.9761333333333,33.342999999999996
44.300000000000004,575.0438666666668,33.376
44.400000000000006,575.1116000000001,33.409
44.5,575.1793333333334,33.442
44.6,575.2470666666667,33.475
44.7,575.3148,33.515
44.800000000000004,575.3825333333334,33.555
44.900000000000006,575.4502666666667,33.595
45.0,575.518,33.629333333333335
45.1,575.5857333333333,33.663666666666664
45.2,575.6534666666666,33.698
45.300000000000004,575.7212000000001,33.727333333333334
45.400000000000006,575.7889333333334,33.75666666666667
45.5,575.8566666666667,33.786
45.6,575.9244,33.81433333333334
45.7,575.9921333333333,33.842666666666666
45.800000000000004,576.0598666666667,33.871
45.900000000000006,576.1276,33.90266666666667
46.0,576.1953333333333,33.934333333333335
46.1,576.2630666666666,33.966
46.2,576.3308,34.00566666666667
46.300000000000004,576.3985333333334,34.04533333333334
46.400000000000006,576.4662666666667,34.085
46.5,576.534,34.11833333333333
46.6,576.4930111111111,34.15166666666667
46.7,576.4520222222222,34.185
46.800000000000004,576.4110333333333,34.207750000000004
46.900000000000006,576.3700444444444,34.230500000000006
47.0,576.3290555555556,34.25325
47.1,576.2880666666666,34.276
47.2,576.2470777777778,34.30733333333333
47.300000000000004,576.2060888888889,34.33866666666667
47.400000000000006,576.1650999999999,34.37
47.5,576.1241111111111,34.403
47.6,576.0831222222222,34.436
47.7,576.0421333333333,34.469
47.800000000000004,576.0011444444444,34.501666666666665
47.900000000000006,575.9601555555555,34.534333333333336
48.0,575.9191666666666,34.567
48.1,575.8781777777778,34.59733333333333
48.2,575.8371888888888,34.62766666666667
48.300000000000004,575.7962,34.658
48.400000000000006,575.7552111111111,34.693666666666665
48.5,575.7142222222221,34.72933333333334
48.6,575.6732333333333,34.765
48.7,575.6322444444444,34.80566666666667
48.800000000000004,575.5912555555554,34.846333333333334
48.900000000000006,575.5502666666666,34.887
49.0,575.5092777777777,34.918
49.1,575.4682888888889,34.949
49.2,575.4273,34.98
49.300000000000004,575.386311111111,35.01233333333333
49.400000000000006,575.3453222222222,35.044666666666664
49.5,575.3043333333333,35.077
49.6,575.655711111111,35.11933333333333
49.7,576.0070888888888,35.16166666666667
49.800000000000004,576.3584666666666,35.204
49.900000000000006,576.7098444444443,35.24633333333333
50.0,577.0612222222221,35.28866666666667
50.1,577.4125999999999,35.331
50.2,577.7639777777778,35.372
50.300000000000004,578.1153555555555,35.413000000000004
50.400000000000006,578.4667333333333,35.454
50.5,578.8181111111111,35.50066666666667
50.6,579.1694888888888,35.547333333333334
50.7,579.5208666666666,35.594
50.800000000000004,579.8722444444444,35.632666666666665
50.900000000000006,580.2236222222222,35.67133333333334
51.0,580.5749999999999,35.71
51.1,580.9263777777777,35.756
51.2,581.2777555555555,35.802
51.300000000000004,581.6291333333332,35.848
51.400000000000006,581.980511111111,35.888333333333335
51.5,582.3318888888888,35.928666666666665
51.6,582.6832666666666,35.969
51.7,583.0346444444444,36.003
51.800000000000004,583.3860222222222,36.037
51.900000000000006,583.7374,36.071
52.0,584.0887777777778,36.10366666666666
52.1,584.4401555555555,36.13633333333333
52.2,584.7915333333333,36.169
52.300000000000004,585.1429111111111,36.20533333333333
52.400000000000006,585.4942888888888,36.24166666666667
52.5,585.8456666666666,36.278
52.6,585.3536444444444,36.31066666666666
52.7,584.8616222222222,36.343333333333334
52.800000000000004,584.3695999999999,36.376
52.900000000000006,583.8775777777777,36.40866666666666
53.0,583.3855555555555,36.44133333333333
53.1,582.8935333333333,36.474
53.2,582.4015111111111,36.527
53.300000000000004,581.9094888888887,36.580000000000005
53.400000000000006,581.4174666666665,36.633
53.5,580.9254444444443,36.672000000000004
53.6,580.4334222222221,36.711
53.7,579.9413999999999,36.75
53.800000000000004,579.4493777777777,36.791
53.900000000000006,578.9573555555554,36.832
54.0,578.4653333333333,36.873
54.1,577.973311111111,36.91266666666667
54.2,577.4812888888888,36.95233333333333
54.300000000000004,576.9892666666666,36.992
54.400000000000006,576.4972444444444,37.025
54.5,576.0052222222222,37.058
54.6,575.5131999999999,37.091
54.7,575.0211777777777,37.12233333333334
54.800000000000004,574.5291555555555,37.15366666666667
54.900000000000006,574.0371333333333,37.185
55.0,573.545111111111,37.214
55.1,573.0530888888889,37.243
55.2,572.5610666666665,37.272
55.300000000000004,572.0690444444443,37.313
55.400000000000006,571.5770222222221,37.354000000000006
55.5,571.0849999999999,37.395
55.6,571.3460555555555,37.43866666666667
55.7,571.6071111111111,37.48233333333334
55.800000000000004,571.8681666666666,37.526
55.900000000000006,572.1292222222222,37.574000000000005
56.0,572.3902777777777,37.622
56.1,572.6513333333332,37.67
56.2,572.9123888888888,37.716
56.300000000000004,573.1734444444444,37.762
56.400000000000006,573.4345,37.808
56.5,573.6955555555555,37.83866666666667
56.6,573.9566111111111,37.86933333333334
56.7,574.2176666666666,37.9
56.800000000000004,574.4787222222221,37.925333333333334
56.900000000000006,574.7397777777777,37.95066666666666
57.0,575.0008333333333,37.976
57.1,575.2618888888888,38.010999999999996
57.2,575.5229444444444,38.046
57.300000000000004,575.784,38.081
57.400000000000006,576.0450555555556,38.114000000000004
57.5,576.306111111111,38.147
57.6,576.5671666666666,38.18
57.7,576.8282222222222,38.211666666666666
57.800000000000004,577.0892777777777,38.24333333333333
57.900000000000006,577.3503333333333,38.275
58.0,577.6113888888889,38.306333333333335
58.1,577.8724444444445,38.33766666666667
58.2,578.1334999999999,38.369
58.300000000000004,578.3945555555555,38.39633333333334
58.400000000000006,578.655611111111,38.42366666666667
58.5,578.9166666666666,38.451
58.6,578.6898333333332,38.48266666666667
58.7,578.463,38.51433333333333
58.800000000000004,578.2361666666666,38.546
58.900000000000006,578.0093333333333,38.580333333333336
59.0,577.7824999999999,38.614666666666665
59.1,577.5556666666666,38.649
59.2,577.3288333333333,38.68066666666667
59.300000000000004,577.102,38.71233333333333
59.400000000000006,576.8751666666666,38.744
59.5,576.6483333333333,38.778666666666666
59.6,576.4214999999999,38.81333333333333
59.7,576.1946666666666,38.848
59.800000000000004,575.9678333333333,38.88333333333333
59.900000000000006,575.7409999999999,38.91866666666667
60.0,575.5141666666666,38.954
60.1,575.2873333333332,38.992
60.2,575.0604999999999,39.03
60.300000000000004,574.8336666666665,39.068
60.400000000000006,574.6068333333333,39.11366666666667
60.5,574.3799999999999,39.15933333333333
60.6,574.1531666666666,39.205
60.7,573.9263333333332,39.24733333333333
60.800000000000004,573.6995,39.28966666666667
60.900000000000006,573.4726666666666,39.332
61.0,573.2458333333333,39.379333333333335
61.1,573.0189999999999,39.42666666666667
61.2,572.7921666666666,39.474000000000004
61.300000000000004,572.5653333333332,39.52633333333333
61.400000000000006,572.3384999999998,39.57866666666667
61.5,572.1116666666666,39.63099999999999
61.6,572.5603666666666,39.677
61.7,573.0090666666666,39.723
61.800000000000004,573.4577666666665,39.769
61.900000000000006,573.9064666666666,39.812666666666665
62.0,574.3551666666666,39.85633333333333
62.1,574.8038666666666,39.9
62.2,575.2525666666666,39.93075
62.300000000000004,575.7012666666666,39.9615
62.400000000000006,576.1499666666666,39.99225
62.5,576.5986666666666,40.023
62.6,577.0473666666666,40.066
62.7,577.4960666666666,40.109
62.800000000000004,577.9447666666666,40.152
62.900000000000006,578.3934666666667,40.193
63.0,578.8421666666666,40.234
63.1,579.2908666666666,40.275
63.2,579.7395666666666,40.31033333333333
63.300000000000004,580.1882666666667,40.345666666666666
63.400000000000006,580.6369666666667,40.38100000000001
63.5,581.0856666666666,40.43533333333333
63.6,581.5343666666666,40.489666666666665
63.7,581.9830666666667,40.544
63.800000000000004,582.4317666666667,40.567
63.900000000000006,582.8804666666667,40.59
64.0,583.3291666666667,40.613
64.10000000000001,583.7778666666667,40.641000000000005
64.2,584.2265666666667,40.669000000000004
64.3,584.6752666666666,40.697
64.4,585.1239666666667,40.73766666666668
64.5,585.5726666666667,40.778333333333336
64.60000000000001,585.3493444444445,40.81900000000001
64.7,585.1260222222222,40.857000000000006
64.8,584.9027,40.895
64.9,584.6793777777777,40.93300000000001
65.0,584.4560555555556,40.967333333333336
65.10000000000001,584.2327333333334,41.00166666666667
65.2,584.0094111111111,41.03600000000001
65.3,583.7860888888889,41.072
65.4,583.5627666666667,41.108000000000004
65.5,583.3394444444444,41.144
65.60000000000001,583.1161222222222,41.184333333333335
65.7,582.8928000000001,41.22466666666667
65.8,582.6694777777778,41.265
65.9,582.4461555555556,41.30333333333334
66.0,582.2228333333334,41.34166666666667
66.10000000000001,581.9995111111111,41.38000000000001
66.2,581.7761888888889,41.41933333333334
66.3,581.5528666666667,41.458666666666666
66.4,581.3295444444444,41.498000000000005
66.5,581.1062222222223,41.53666666666667
66.60000000000001,580.8829000000001,41.57533333333334
66.7,580.6595777777778,41.614000000000004
66.8,580.4362555555556,41.657333333333334
66.9,580.2129333333334,41.70066666666667
67.0,579.9896111111111,41.744
67.10000000000001,579.7662888888889,41.78833333333334
67.2,579.5429666666668,41.83266666666667
67.3,579.3196444444445,41.877
67.4,579.0963222222223,41.91833333333334
67.5,578.873,41.95966666666667
67.60000000000001,578.7002222222222,42.001000000000005
67.7,578.5274444444444,42.044000000000004
67.8,578.3546666666667,42.087
67.9,578.1818888888889,42.13000000000001
68.0,578.0091111111111,42.166333333333334
68.10000000000001,577.8363333333333,42.20266666666667
68.2,577.6635555555556,42.239000000000004
68.3,577.4907777777778,42.282000000000004
68.4,577.318,42.325
68.5,577.1452222222223,42.368
68.60000000000001,576.9724444444445,42.415666666666674
68.7,576.7996666666667,42.46333333333334
68.8,576.626888888889,42.511
68.9,576.4541111111112,42.562000000000005
69.0,576.2813333333334,42.61300000000001
69.10000000000001,576.1085555555555,42.66400000000001
69.2,575.9357777777777,42.709
69.3,575.763,42.754000000000005
69.4,575.5902222222222,42.79900000000001
69.5,575.4174444444444,42.830333333333336
69.60000000000001,575.2446666666666,42.86166666666667
69.7,575.0718888888889,42.893
69.8,574.8991111111111,42.912333333333336
69.9,574.7263333333333,42.93166666666667
70.0,574.5535555555556,42.951
70.10000000000001,574.3807777777778,42.97466666666667
70.2,574.208,42.998333333333335
70.3,574.0352222222223,43.022
70.4,573.8624444444445,43.05833333333334
70.5,573.6896666666667,43.09466666666667
70.60000000000001,573.5451444444444,43.13100000000001
70.7,573.4006222222222,43.172000000000004
70.8,573.2561,43.213
70.9,573.1115777777777,43.254000000000005
71.0,572.9670555555556,43.288666666666664
71.10000000000001,572.8225333333334,43.32333333333334
71.2,572.6780111111111,43.358000000000004
71.3,572.5334888888889,43.397333333333336
71.4,572.3889666666666,43.43666666666667
71.5,572.2444444444444,43.476
71.60000000000001,572.0999222222222,43.527
71.7,571.9554,43.578
71.8,571.8108777777778,43.629
71.9,571.6663555555556,43.68233333333334
72.0,571.5218333333333,43.73566666666667
72.10000000000001,571.3773111111111,43.78900000000001
72.2,571.2327888888889,43.845333333333336
72.3,571.0882666666666,43.90166666666667
72.4,570.9437444444444,43.958000000000006
72.5,570.7992222222223,44.00966666666667
72.60000000000001,570.6547,44.061333333333344
72.7,570.5101777777778,44.11300000000001
72.8,570.3656555555556,44.162333333333336
72.9,570.2211333333333,44.21166666666667
73.0,570.0766111111111,44.261
73.10000000000001,569.9320888888889,44.31533333333334
73.2,569.7875666666667,44.36966666666667
73.3,569.6430444444445,44.424
73.4,569.4985222222223,44.46833333333334
73.5,569.354,44.51266666666667
73.60000000000001,569.4588111111111,44.55700000000001
73.7,569.5636222222223,44.62766666666668
73.8,569.6684333333334,44.69833333333334
73.9,569.7732444444445,44.769000000000005
74.0,569.8780555555556,44.82466666666667
74.10000000000001,569.9828666666667,44.88033333333334
74.2,570.0876777777778,44.93600000000001
74.3,570.1924888888889,44.99933333333333
74.4,570.2973000000001,45.06266666666667
74.5,570.4021111111111,45.126
74.60000000000001,570.5069222222222,45.17133333333334
74.7,570.6117333333334,45.21666666666667
74.8,570.7165444444445,45.262
74.9,570.8213555555556,45.31100000000001
75.0,570.9261666666666,45.36
75.10000000000001,571.0309777777778,45.409000000000006
75.2,571.1357888888889,45.45
75.3,571.2406,45.491
75.4,571.3454111111112,45.532000000000004
75.5,571.4502222222222,45.574000000000005
75.60000000000001,571.5550333333333,45.61600000000001
75.7,571.6598444444445,45.65800000000001
75.8,571.7646555555556,45.70766666666667
75.9,571.8694666666667,45.75733333333334
76.0,571.9742777777778,45.807
76.10000000000001,572.0790888888889,45.852000000000004
76.2,572.1839,45.897000000000006
76.3,572.2887111111111,45.942
76.4,572.3935222222223,45.98800000000001
76.5,572.4983333333333,46.034
76.60000000000001,572.6976888888889,46.080000000000005
76.7,572.8970444444444,46.13066666666667
76.80000000000001,573.0964,46.18133333333334
76.9,573.2957555555556,46.232000000000006
77.0,573.4951111111111,46.27733333333334
77.10000000000001,573.6944666666667,46.32266666666668
77.2,573.8938222222222,46.36800000000001
77.30000000000001,574.0931777777778,46.421000000000014
77.4,574.2925333333333,46.474000000000004
77.5,574.4918888888889,46.527
77.60000000000001,574.6912444444445,46.57633333333334
77.7,574.8906,46.62566666666667
77.80000000000001,575.0899555555555,46.675000000000004
77.9,575.2893111111111,46.7085
78.0,575.4886666666666,46.742
78.10000000000001,575.6880222222222,46.7755
78.2,575.8873777777777,46.809000000000005
78.30000000000001,576.0867333333333,46.85000000000001
78.4,576.2860888888888,46.891000000000005
78.5,576.4854444444444,46.932
78.60000000000001,576.6848,46.975666666666676
78.7,576.8841555555555,47.019333333333336
78.80000000000001,577.0835111111111,47.06300000000001
78.9,577.2828666666667,47.10566666666667
79.0,577.4822222222222,47.14833333333334
79.10000000000001,577.6815777777778,47.19100000000001
79.2,577.8809333333332,47.241666666666674
79.30000000000001,578.0802888888888,47.292333333333346
79.4,578.2796444444443,47.34300000000001
79.5,578.4789999999999,47.39200000000001
79.60000000000001,578.4536333333333,47.44100000000001
79.7,578.4282666666666,47.49000000000001
79.80000000000001,578.4028999999999,47.521666666666675
79.9,578.3775333333333,47.553333333333335
80.0,578.3521666666666,47.585
80.10000000000001,578.3267999999999,47.61933333333334
80.2,578.3014333333333,47.65366666666667
80.30000000000001,578.2760666666667,47.68800000000001
80.4,578.2506999999999,47.73733333333334
80.5,578.2253333333333,47.78666666666667
80.60000000000001,578.1999666666667,47.836000000000006
80.7,578.1745999999999,47.88433333333334
80.80000000000001,578.1492333333333,47.93266666666668
80.9,578.1238666666667,47.98100000000001
81.0,578.0985000000001,48.021666666666675
81.10000000000001,578.0731333333333,48.06233333333334
81.2,578.0477666666667,48.10300000000001
81.30000000000001,578.0224000000001,48.15466666666668
81.4,577.9970333333333,48.20633333333334
81.5,577.9716666666667,48.258
81.60000000000001,577.9463000000001,48.31033333333334
81.7,577.9209333333333,48.36266666666667
81.80000000000001,577.8955666666667,48.415000000000006
81.9,577.8702000000001,48.449000000000005
82.0,577.8448333333333,48.483000000000004
82.10000000000001,577.8194666666667,48.51700000000001
82.2,577.7941000000001,48.553333333333335
82.30000000000001,577.7687333333334,48.58966666666667
82.4,577.7433666666667,48.626000000000005
82.5,577.7180000000001,48.66733333333334
82.60000000000001,577.7884777777779,48.70866666666667
82.7,577.8589555555557,48.75000000000001
82.80000000000001,577.9294333333335,48.791000000000004
82.9,577.9999111111111,48.832
83.0,578.0703888888889,48.873
83.10000000000001,578.1408666666667,48.915000000000006
83.2,578.2113444444445,48.957
83.30000000000001,578.2818222222223,48.99900000000001
83.4,578.3523000000001,49.05500000000001
83.5,578.4227777777778,49.111000000000004
83.60000000000001,578.4932555555556,49.16700000000001
83.7,578.5637333333334,49.22500000000001
83.80000000000001,578.6342111111112,49.283000000000015
83.9,578.704688888889,49.34100000000001
84.0,578.7751666666668,49.40133333333334
84.10000000000001,578.8456444444445,49.46166666666668
84.2,578.9161222222223,49.522000000000006
84.30000000000001,578.9866000000001,49.57266666666668
84.4,579.0570777777779,49.623333333333335
84.5,579.1275555555557,49.674
84.60000000000001,579.1980333333335,49.717333333333336
84.7,579.2685111111111,49.76066666666667
84.80000000000001,579.3389888888889,49.80400000000001
84.9,579.4094666666667,49.84
85.0,579.4799444444445,49.876000000000005
85.10000000000001,579.5504222222223,49.912000000000006
85.2,579.6209000000001,49.94766666666667
85.30000000000001,579.6913777777778,49.98333333333334
85.4,579.7618555555556,50.019000000000005
85.5,579.8323333333334,50.071000000000005
85.60000000000001,579.5686111111112,50.123000000000005
85.7,579.304888888889,50.175000000000004
85.80000000000001,579.0411666666666,50.22633333333334
85.9,578.7774444444444,50.27766666666667
86.0,578.5137222222222,50.329
86.10000000000001,578.25,50.37966666666667
86.2,577.9862777777778,50.43033333333334
86.30000000000001,577.7225555555556,50.48100000000001
86.4,577.4588333333334,50.51833333333334
86.5,577.1951111111111,50.555666666666674
86.60000000000001,576.9313888888889,50.59300000000001
86.7,576.6676666666667,50.62800000000001
86.80000000000001,576.4039444444444,50.66300000000001
86.9,576.1402222222222,50.698
87.0,575.8765000000001,50.717000000000006
87.10000000000001,575.6127777777778,50.736000000000004
87.2,575.3490555555555,50.755
87.30000000000001,575.0853333333333,50.78000000000001
87.4,574.8216111111111,50.805
87.5,574.5578888888889,50.83
87.60000000000001,574.2941666666667,50.87366666666667
87.7,574.0304444444445,50.91733333333333
87.80000000000001,573.7667222222221,50.961
87.9,573.5029999999999,50.98233333333334
88.0,573.2392777777777,51.00366666666667
88.10000000000001,572.9755555555555,51.025
88.2,572.7118333333333,51.04566666666667
88.30000000000001,572.4481111111111,51.06633333333334
88.4,572.1843888888889,51.087
88.5,571.9206666666666,51.111000000000004
88.60000000000001,572.3377222222223,51.135000000000005
88.7,572.7547777777778,51.159000000000006
88.80000000000001,573.1718333333333,51.20833333333334
88.9,573.5888888888888,51.25766666666667
89.0,574.0059444444444,51.307
89.10000000000001,574.423,51.35833333333334
89.2,574.8400555555555,51.409666666666666
89.30000000000001,575.2571111111112,51.461000000000006
89.4,575.6741666666667,51.49733333333334
89.5,576.0912222222222,51.53366666666667
89.60000000000001,576.5082777777778,51.57000000000001
89.7,576.9253333333334,51.62833333333334
89.80000000000001,577.3423888888889,51.686666666666675
89.9,577.7594444444444,51.745000000000005
90.0,578.1765,51.79866666666667
90.10000000000001,578.5935555555556,51.85233333333334
90.2,579.0106111111111,51.906000000000006
90.30000000000001,579.4276666666667,51.97466666666668
90.4,579.8447222222222,52.043333333333344
90.5,580.2617777777778,52.112
90.60000000000001,580.6788333333334,52.16100000000001
90.7,581.0958888888889,52.21
90.80000000000001,581.5129444444444,52.25900000000001
90.9,581.93,52.314666666666675
91.0,582.3470555555555,52.370333333333335
91.10000000000001,582.7641111111111,52.42600000000001
91.2,583.1811666666666,52.476666666666674
91.30000000000001,583.5982222222223,52.527333333333345
91.4,584.0152777777778,52.578
91.5,584.4323333333333,52.599000000000004
91.60000000000001,584.4053222222221,52.620000000000005
91.7,584.3783111111111,52.641000000000005
91.80000000000001,584.3512999999999,52.68466666666667
91.9,584.3242888888889,52.72833333333334
92.0,584.2972777777777,52.772
92.10000000000001,584.2702666666667,52.815333333333335
92.2,584.2432555555555,52.85866666666667
92.30000000000001,584.2162444444444,52.90200000000001
92.4,584.1892333333333,52.960666666666675
92.5,584.1622222222222,53.019333333333336
92.60000000000001,584.1352111111111,53.07800000000001
92.7,584.1082,53.14800000000001
92.80000000000001,584.0811888888888,53.21800000000001
92.9,584.0541777777778,53.288000000000004
93.0,584.0271666666666,53.34466666666667
93.10000000000001,584.0001555555555,53.40133333333334
93.2,583.9731444444444,53.458000000000006
93.30000000000001,583.9461333333333,53.52033333333335
93.4,583.9191222222222,53.582666666666675
93.5,583.892111111111,53.645
93.60000000000001,583.8651,53.699000000000005
93.7,583.8380888888888,53.75300000000001
93.80000000000001,583.8110777777778,53.80700000000001
93.9,583.7840666666666,53.861000000000004
94.0,583.7570555555556,53.92033333333334
94.10000000000001,583.7300444444444,53.97966666666668
94.2,583.7030333333333,54.03900000000001
94.30000000000001,583.6760222222222,54.09866666666668
94.4,583.6490111111111,54.15833333333334
94.5,583.622,54.218
94.60000000000001,583.8808666666666,54.25866666666668
94.7,584.1397333333333,54.29933333333334
94.80000000000001,584.3986,54.34000000000001
94.9,584.6574666666667,54.384666666666675
95.0,584.9163333333332,54.42933333333333
95.10000000000001,585.1751999999999,54.474000000000004
95.2,585.4340666666666,54.51166666666667
95.30000000000001,585.6929333333333,54.549333333333344
95.4,585.9517999999999,54.587
95.5,586.2106666666666,54.60733333333334
95.60000000000001,586.4695333333333,54.62766666666668
95.7,586.7283999999999,54.64800000000001
95.80000000000001,586.9872666666666,54.67600000000001
95.9,587.2461333333332,54.704
96.0,587.5049999999999,54.732
96.10000000000001,587.7638666666666,54.787000000000006
96.2,588.0227333333332,54.842
96.30000000000001,588.2815999999999,54.897000000000006
96.4,588.5404666666666,54.943333333333335
96.5,588.7993333333332,54.98966666666667
96.60000000000001,589.0581999999998,55.03600000000001
96.7,589.3170666666665,55.077000000000005
96.80000000000001,589.5759333333332,55.11800000000001
96.9,589.8347999999999,55.159000000000006
97.0,590.0936666666665,55.217333333333336
97.10000000000001,590.3525333333332,55.27566666666668
97.2,590.6113999999998,55.33400000000001
97.30000000000001,590.8702666666666,55.38233333333334
97.4,591.1291333333331,55.430666666666674
97.5,591.3879999999998,55.479
97.60000000000001,591.0259777777776,55.53933333333334
97.7,590.6639555555554,55.599666666666664
97.80000000000001,590.3019333333331,55.660000000000004
97.9,589.939911111111,55.726000000000006
98.0,589.5778888888888,55.792
98.10000000000001,589.2158666666664,55.858000000000004
98.2,588.8538444444442,55.91166666666667
98.30000000000001,588.491822222222,55.96533333333334
98.4,588.1297999999998,56.019000000000005
98.5,587.7677777777776,56.074333333333335
98.60000000000001,587.4057555555554,56.12966666666668
98.7,587.0437333333332,56.18500000000001
98.80000000000001,586.681711111111,56.246000000000016
98.9,586.3196888888888,56.30700000000001
99.0,585.9576666666666,56.368
99.10000000000001,585.5956444444444,56.42366666666667
99.2,585.2336222222222,56.47933333333334
99.30000000000001,584.8715999999998,56.535000000000004
99.4,584.5095777777777,56.595000000000006
99.5,584.1475555555555,56.655
99.60000000000001,583.7855333333332,56.71500000000001
99.7,583.423511111111,56.76766666666667
99.80000000000001,583.0614888888888,56.820333333333345
99.9,582.6994666666666,56.873000000000005
100.0,582.3374444444444,56.914
100.10000000000001,581.9754222222222,56.955000000000005
100.2,581.6134,56.99600000000001
100.30000000000001,581.2513777777777,57.05600000000001
100.4,580.8893555555555,57.11600000000001
100.5,580.5273333333333,57.176
100.60000000000001,581.1858666666667,57.23766666666667
100.7,581.8444000000001,57.29933333333334
100.80000000000001,582.5029333333334,57.361000000000004
100.9,583.1614666666667,57.42566666666667
101.0,583.8199999999999,57.49033333333333
101.10000000000001,584.4785333333334,57.55500000000001
101.2,585.1370666666667,57.617333333333335
101.30000000000001,585.7956,57.67966666666668
101.4,586.4541333333334,57.742000000000004
101.5,587.1126666666667,57.80500000000001
101.60000000000001,587.7712,57.86800000000001
101.7,588.4297333333334,57.931000000000004
101.80000000000001,589.0882666666668,57.99600000000001
101.9,589.7468,58.06100000000001
102.0,590.4053333333334,58.126
102.10000000000001,591.0638666666667,58.18766666666667
102.2,591.7224,58.24933333333333
102.30000000000001,592.3809333333334,58.31100000000001
102.4,593.0394666666667,58.373333333333335
102.5,593.698,58.43566666666667
102.60000000000001,594.3565333333333,58.498000000000005
102.7,595.0150666666667,58.54566666666667
102.80000000000001,595.6736000000001,58.59333333333334
102.9,596.3321333333333,58.641000000000005
103.0,596.9906666666666,58.69466666666667
103.10000000000001,597.6492000000001,58.74833333333334
103.2,598.3077333333333,58.80200000000001
103.30000000000001,598.9662666666667,58.86566666666668
103.4,599.6248,58.92933333333334
103.5,600.2833333333333,58.993
103.60000000000001,600.2346222222222,59.05766666666668
103.7,600.1859111111111,59.12233333333334
103.80000000000001,600.1372,59.187000000000005
103.9,600.0884888888888,59.250666666666675
104.0,600.0397777777778,59.31433333333334
104.10000000000001,599.9910666666666,59.378
104.2,599.9423555555555,59.393
104.30000000000001,599.8936444444444,59.408
104.4,599.8449333333333,59.42300000000001
104.5,599.7962222222222,59.46
104.60000000000001,599.7475111111111,59.49700000000001
104.7,599.6988,59.534000000000006
104.80000000000001,599.6500888888888,59.565000000000005
104.9,599.6013777777778,59.596000000000004
105.0,599.5526666666667,59.627
105.10000000000001,599.5039555555555,59.67233333333334
105.2,599.4552444444445,59.717666666666666
105.30000000000001,599.4065333333333,59.763000000000005
105.4,599.3578222222222,59.809333333333335
105.5,599.3091111111111,59.85566666666667
105.60000000000001,599.2604,59.90200000000001
105.7,599.2116888888888,59.96900000000001
105.80000000000001,599.1629777777778,60.036000000000016
105.9,599.1142666666667,60.10300000000001
106.0,599.0655555555555,60.165666666666674
106.10000000000001,599.0168444444445,60.228333333333346
106.2,598.9681333333333,60.291000000000004
106.30000000000001,598.9194222222222,60.350333333333346
106.4,598.8707111111111,60.40966666666667
106.5,598.822,60.469
106.60000000000001,598.6579333333333,60.525000000000006
106.7,598.4938666666667,60.581
106.80000000000001,598.3298,60.63700000000001
106.9,598.1657333333334,60.70266666666667
107.0,598.0016666666667,60.76833333333334
107.10000000000001,597.8376,60.83400000000001
107.2,597.6735333333334,60.89033333333334
107.30000000000001,597.5094666666666,60.94666666666668
107.4,597.3454,61.00300000000001
107.5,597.1813333333333,61.067666666666675
107.60000000000001,597.0172666666666,61.13233333333335
107.7,596.8532,61.19700000000001
107.80000000000001,596.6891333333333,61.25266666666668
107.9,596.5250666666667,61.30833333333334
108.0,596.361,61.364
108.10000000000001,596.1969333333333,61.421
108.2,596.0328666666667,61.478
108.30000000000001,595.8688,61.535000000000004
108.4,595.7047333333334,61.59733333333334
108.5,595.5406666666667,61.659666666666666
108.60000000000001,595.3765999999999,61.72200000000001
108.7,595.2125333333333,61.781000000000006
108.80000000000001,595.0484666666666,61.84000000000001
108.9,594.8844,61.89900000000001
109.0,594.7203333333333,61.96566666666667
109.10000000000001,594.5562666666666,62.03233333333334
109.2,594.3922,62.099000000000004
109.30000000000001,594.2281333333333,62.13850000000001
109.4,594.0640666666667,62.178000000000004
109.5,593.9,62.2175
109.60000000000001,594.3593444444444,62.257000000000005
109.7,594.8186888888889,62.29466666666667
109.80000000000001,595.2780333333334,62.33233333333334
109.9,595.7373777777779,62.370000000000005
110.0,596.1967222222222,62.407333333333334
110.10000000000001,596.6560666666667,62.44466666666667
110.2,597.1154111111111,62.482000000000006
110.30000000000001,597.5747555555556,62.511
110.4,598.0341000000001,62.540000000000006
110.5,598.4934444444444,62.569
110.60000000000001,598.952788888889,62.616666666666674
110.7,599.4121333333334,62.66433333333334
110.80000000000001,599.8714777777778,62.71200000000001
110.9,600.3308222222223,62.76466666666667
111.0,600.7901666666667,62.81733333333334
111.10000000000001,601.2495111111112,62.870000000000005
111.2,601.7088555555556,62.922000000000004
111.30000000000001,602.1682000000001,62.97400000000001
111.4,602.6275444444445,63.02600000000001
111.5,603.086888888889,63.07333333333334
111.60000000000001,603.5462333333335,63.12066666666668
111.7,604.0055777777778,63.168000000000006
111.80000000000001,604.4649222222224,63.21800000000001
111.9,604.9242666666668,63.268
112.0,605.3836111111112,63.318
112.10000000000001,605.8429555555557,63.358000000000004
112.2,606.3023000000002,63.398
112.30000000000001,606.7616444444446,63.43800000000001
112.4,607.220988888889,63.482000000000006
112.5,607.6803333333335,63.526
112.60000000000001,607.5435000000001,63.57000000000001
112.7,607.4066666666668,63.62500000000001
112.80000000000001,607.2698333333334,63.68000000000001
112.9,607.1330000000002,63.73500000000001
113.0,606.9961666666668,63.77
113.10000000000001,606.8593333333334,63.80500000000001
113.2,606.7225000000001,63.84000000000001
113.30000000000001,606.5856666666667,63.87800000000001
113.4,606.4488333333334,63.916000000000004
113.5,606.3120000000001,63.954
113.60000000000001,606.1751666666668,63.99833333333334
113.7,606.0383333333334,64.04266666666668
113.80000000000001,605.9015,64.08700000000002
113.9,605.7646666666667,64.13733333333334
114.0,605.6278333333335,64.18766666666667
114.10000000000001,605.4910000000001,64.23800000000001
114.2,605.3541666666667,64.29666666666667
114.30000000000001,605.2173333333334,64.35533333333335
114.4,605.0805,64.41400000000002
114.5,604.9436666666667,64.48433333333334
114.60000000000001,604.8068333333333,64.55466666666668
114.7,604.6700000000001,64.62500000000001
114.80000000000001,604.5331666666667,64.71400000000001
114.9,604.3963333333334,64.80300000000001
115.0,604.2595,64.892
115.10000000000001,604.1226666666666,64.95666666666666
115.2,603.9858333333333,65.02133333333333
115.30000000000001,603.849,65.08600000000001
115.4,603.7121666666667,65.13866666666667
115.5,603.5753333333333,65.19133333333333
115.60000000000001,603.3835777777778,65.24400000000001
115.7,603.1918222222222,65.299
115.80000000000001,603.0000666666666,65.35400000000001
115.9,602.8083111111112,65.40900000000002
116.0,602.6165555555556,65.46100000000001
116.10000000000001,602.4248,65.513
116.2,602.2330444444444,65.56500000000001
116.30000000000001,602.0412888888889,65.623
116.4,601.8495333333333,65.68100000000001
116.5,601.6577777777778,65.739
116.60000000000001,601.4660222222223,65.792
116.7,601.2742666666667,65.845
116.80000000000001,601.0825111111111,65.898
116.9,600.8907555555555,65.92466666666667
117.0,600.6990000000001,65.95133333333332
117.10000000000001,600.5072444444445,65.978
117.2,600.3154888888889,65.97933333333333
117.30000000000001,600.1237333333333,65.98066666666666
117.4,599.9319777777778,65.982
117.5,599.7402222222222,66.02366666666667
117.60000000000001,599.5484666666666,66.06533333333334
117.7,599.3567111111112,66.107
117.80000000000001,599.1649555555556,66.15466666666667
117.9,598.9732,66.20233333333334
118.0,598.7814444444444,66.25
118.10000000000001,598.5896888888889,66.30833333333334
118.2,598.3979333333333,66.36666666666667
118.30000000000001,598.2061777777777,66.42500000000001
118.4,598.0144222222223,66.48633333333333
118.5,597.8226666666667,66.54766666666667
118.60000000000001,598.2525333333334,66.60900000000001
118.7,598.6824,66.66133333333333
118.80000000000001,599.1122666666668,66.71366666666668
118.9,599.5421333333334,66.766
119.0,599.972,66.81166666666668
119.10000000000001,600.4018666666667,66.85733333333334
119.2,600.8317333333333,66.90300000000002
119.30000000000001,601.2616,66.95566666666669
119.4,601.6914666666667,67.00833333333334
119.5,602.1213333333333,67.061
119.60000000000001,602.5512,67.11066666666667
119.7,602.9810666666666,67.16033333333333
119.80000000000001,603.4109333333333,67.21
119.9,603.8408,67.25933333333333
120.0,604.2706666666666,67.30866666666667
120.10000000000001,604.7005333333333,67.35800000000002
120.2,605.1303999999999,67.41533333333334
120.30000000000001,605.5602666666666,67.47266666666667
120.4,605.9901333333332,67.53
120.5,606.4199999999998,67.59466666666667
120.60000000000001,606.8498666666666,67.65933333333335
120.7,607.2797333333332,67.72400000000002
120.80000000000001,607.7095999999999,67.78766666666668
120.9,608.1394666666665,67.85133333333334
121.0,608.5693333333331,67.915
121.10000000000001,608.9991999999999,67.98733333333335
121.2,609.4290666666665,68.05966666666669
121.30000000000001,609.8589333333332,68.13200000000002
121.4,610.2887999999998,68.19400000000002
121.5,610.7186666666664,68.256
121.60000000000001,610.7850555555553,68.318
121.7,610.8514444444443,68.355
121.80000000000001,610.9178333333331,68.39200000000001
121.9,610.984222222222,68.429
122.0,611.0506111111109,68.44533333333334
122.10000000000001,611.1169999999998,68.46166666666666
122.2,611.1833888888887,68.478
122.30000000000001,611.2497777777776,68.50466666666667
122.4,611.3161666666665,68.53133333333334
122.5,611.3825555555554,68.558
122.60000000000001,611.4489444444442,68.58800000000001
122.7,611.5153333333332,68.61800000000001
122.80000000000001,611.5817222222221,68.64800000000001
122.9,611.648111111111,68.691
123.0,611.7144999999998,68.73400000000001
123.10000000000001,611.7808888888887,68.777
123.2,611.8472777777777,68.82300000000001
123.30000000000001,611.9136666666666,68.86900000000001
123.4,611.9800555555555,68.915
123.5,612.0464444444443,68.94966666666667
123.60000000000001,612.1128333333332,68.98433333333334
123.7,612.1792222222222,69.019
123.80000000000001,612.2456111111111,69.06733333333335
123.9,612.3119999999999,69.11566666666667
124.0,612.3783888888888,69.164
124.10000000000001,612.4447777777777,69.19433333333333
124.2,612.5111666666667,69.22466666666666
124.30000000000001,612.5775555555556,69.25500000000001
124.4,612.6439444444444,69.287
124.5,612.7103333333333,69.319
124.60000000000001,613.1275,69.351
124.7,613.5446666666667,69.3835
124.80000000000001,613.9618333333334,69.416
124.9,614.379,69.4485
125.0,614.7961666666666,69.481
125.10000000000001,615.2133333333334,69.551
125.2,615.6305,69.62100000000001
125.30000000000001,616.0476666666667,69.69100000000002
125.4,616.4648333333333,69.76400000000001
125.5,616.882,69.837
125.60000000000001,617.2991666666667,69.91000000000001
125.7,617.7163333333333,69.98466666666667
125.80000000000001,618.1335,70.05933333333334
125.9,618.5506666666666,70.134
126.0,618.9678333333334,70.198
126.10000000000001,619.385,70.262
126.2,619.8021666666666,70.326
126.30000000000001,620.2193333333333,70.37466666666667
126.4,620.6365,70.42333333333333
126.5,621.0536666666667,70.472
126.60000000000001,621.4708333333333,70.51733333333334
126.7,621.888,70.56266666666667
126.80000000000001,622.3051666666667,70.60800000000002
126.9,622.7223333333334,70.65533333333335
127.0,623.1395,70.70266666666667
127.10000000000001,623.5566666666667,70.75
127.2,623.9738333333333,70.78266666666667
127.30000000000001,624.3910000000001,70.81533333333334
127.4,624.8081666666667,70.848
127.5,625.2253333333333,70.88366666666667
127.60000000000001,625.1350888888888,70.91933333333334
127.7,625.0448444444444,70.95500000000001
127.80000000000001,624.9546,71.01466666666667
127.9,624.8643555555556,71.07433333333334
128.0,624.7741111111111,71.134
128.1,624.6838666666666,71.18
128.20000000000002,624.5936222222222,71.22600000000001
128.3,624.5033777777778,71.27200000000002
128.4,624.4131333333333,71.31800000000001
128.5,624.3228888888889,71.364
128.6,624.2326444444444,71.41
128.70000000000002,624.1424,71.43866666666666
128.8,624.0521555555556,71.46733333333333
128.9,623.9619111111111,71.496
129.0,623.8716666666667,71.54766666666666
129.1,623.7814222222222,71.59933333333333
129.20000000000002,623.6911777777777,71.65100000000001
129.3,623.6009333333334,71.70033333333335
129.4,623.5106888888889,71.74966666666667
129.5,623.4204444444445,71.799
129.6,623.3302,71.866
129.70000000000002,623.2399555555555,71.93300000000002
129.8,623.1497111111112,72.00000000000001
129.9,623.0594666666667,72.05933333333334
130.0,622.9692222222222,72.11866666666667
130.1,622.8789777777778,72.178
130.20000000000002,622.7887333333333,72.24066666666668
130.3,622.698488888889,72.30333333333334
130.4,622.6082444444445,72.366
130.5,622.518,72.447
130.6,622.0609777777778,72.52799999999999
130.70000000000002,621.6039555555556,72.60900000000001
130.8,621.1469333333333,72.639
130.9,620.6899111111111,72.669
131.0,620.232888888889,72.699
131.1,619.7758666666667,72.71233333333333
131.20000000000002,619.3188444444444,72.72566666666667
131.3,618.8618222222223,72.739
131.4,618.4048,72.76400000000001
131.5,617.9477777777779,72.789
131.6,617.4907555555557,72.814
131.70000000000002,617.0337333333333,72.861
131.8,616.5767111111112,72.908
131.9,616.119688888889,72.955
132.0,615.6626666666668,73.02066666666667
132.1,615.2056444444446,73.08633333333333
132.20000000000002,614.7486222222223,73.15200000000002
132.3,614.2916000000001,73.19666666666667
132.4,613.8345777777779,73.24133333333334
132.5,613.3775555555557,73.286
132.6,612.9205333333335,73.347
132.70000000000002,612.4635111111112,73.40800000000002
132.8,612.006488888889,73.46900000000002
132.9,611.5494666666668,73.54733333333334
133.0,611.0924444444446,73.62566666666667
133.1,610.6354222222225,73.704
133.20000000000002,610.1784000000001,73.742
133.3,609.7213777777779,73.78
133.4,609.2643555555558,73.818
133.5,608.8073333333335,73.823
133.6,609.9796444444446,73.828
133.70000000000002,611.1519555555559,73.833
133.8,612.324266666667,73.83133333333333
133.9,613.496577777778,73.82966666666667
134.0,614.6688888888891,73.828
134.1,615.8412000000001,73.87533333333333
134.20000000000002,617.0135111111115,73.92266666666669
134.3,618.1858222222226,73.97
134.4,619.3581333333335,73.95833333333333
134.5,620.5304444444446,73.94666666666667
134.6,621.7027555555557,73.935
134.70000000000002,622.875066666667,73.91
134.8,624.047377777778,73.88499999999999
134.9,625.2196888888891,73.86
135.0,626.392,73.89733333333334
135.1,627.5643111111111,73.93466666666666
135.20000000000002,628.7366222222225,73.97200000000001
135.3,629.9089333333336,74.01733333333334
135.4,631.0812444444446,74.06266666666667
135.5,632.2535555555556,74.108
135.6,633.4258666666667,74.15566666666668
135.70000000000002,634.598177777778,74.20333333333335
135.8,635.7704888888891,74.25100000000002
135.9,636.9428000000001,74.30833333333335
136.0,638.1151111111112,74.36566666666667
136.1,639.2874222222222,74.423
136.20000000000002,640.4597333333336,74.50433333333335
136.3,641.6320444444447,74.58566666666668
136.4,642.8043555555556,74.667
136.5,643.9766666666667,74.74866666666667
136.6,643.1773222222223,74.83033333333334
136.70000000000002,642.3779777777777,74.91200000000003
136.8,641.5786333333333,75.01800000000003
136.9,640.7792888888888,75.12400000000001
137.0,639.9799444444444,75.23
137.1,639.1806,75.32300000000001
137.20000000000002,638.3812555555554,75.41600000000003
137.3,637.581911111111,75.50900000000003
137.4,636.7825666666666,75.58900000000001
137.5,635.9832222222223,75.66900000000001
137.6,635.1838777777779,75.749
137.70000000000002,634.3845333333331,75.83700000000002
137.8,633.5851888888888,75.92500000000001
137.9,632.7858444444444,76.013
138.0,631.9865,76.12100000000001
138.1,631.1871555555556,76.229
138.20000000000002,630.387811111111,76.33700000000003
138.3,629.5884666666666,76.42433333333335
138.4,628.7891222222221,76.51166666666668
138.5,627.9897777777777,76.599
138.6,627.1904333333333,76.67633333333333
138.70000000000002,626.3910888888887,76.75366666666669
138.8,625.5917444444443,76.83100000000002
138.9,624.7923999999999,76.87033333333335
139.0,623.9930555555555,76.90966666666667
139.1,623.1937111111112,76.949
139.20000000000002,622.3943666666664,77.00533333333334
139.3,621.595022222222,77.06166666666667
139.4,620.7956777777777,77.118
139.5,619.9963333333333,77.192
139.6,620.8616222222221,77.266
139.70000000000002,621.7269111111112,77.34000000000003
139.8,622.5922,77.42800000000003
139.9,623.4574888888889,77.516
140.0,624.3227777777777,77.604
140.1,625.1880666666666,77.68933333333334
140.20000000000002,626.0533555555556,77.77466666666669
140.3,626.9186444444445,77.86000000000001
140.4,627.7839333333334,77.92650000000002
140.5,628.6492222222222,77.99300000000001
140.6,629.514511111111,78.05950000000001
140.70000000000002,630.3798000000002,78.12600000000003
140.8,631.245088888889,78.21666666666668
140.9,632.1103777777778,78.30733333333335
141.0,632.9756666666667,78.398
141.1,633.8409555555555,78.48266666666666
141.20000000000002,634.7062444444446,78.56733333333335
141.3,635.5715333333334,78.65200000000003
141.4,636.4368222222223,78.73466666666668
141.5,637.3021111111111,78.81733333333335
141.6,638.1673999999999,78.9
141.70000000000002,639.0326888888891,78.98033333333335
141.8,639.8979777777779,79.06066666666668
141.9,640.7632666666667,79.141
142.0,641.6285555555555,79.21933333333334
142.1,642.4938444444444,79.29766666666667
142.20000000000002,643.3591333333335,79.37600000000002
142.3,644.2244222222223,79.44966666666669
142.4,645.0897111111112,79.52333333333334
142.5,645.955,79.597
142.6,645.4097777777779,79.65133333333333
142.70000000000002,644.8645555555555,79.70566666666669
142.8,644.3193333333334,79.76000000000002
142.9,643.7741111111111,79.808
143.0,643.228888888889,79.85600000000001
143.1,642.6836666666667,79.904
143.20000000000002,642.1384444444444,79.959
143.3,641.5932222222222,80.01400000000001
143.4,641.048,80.069
143.5,640.5027777777779,80.12566666666667
143.6,639.9575555555556,80.18233333333333
143.70000000000002,639.4123333333333,80.23900000000002
143.8,638.8671111111111,80.29933333333335
143.9,638.3218888888889,80.35966666666667
144.0,637.7766666666666,80.42
144.1,637.2314444444445,80.48133333333334
144.20000000000002,636.6862222222221,80.54266666666669
144.3,636.141,80.60400000000001
144.4,635.5957777777778,80.656
144.5,635.0505555555555,80.70800000000001
144.6,634.5053333333334,80.76
144.70000000000002,633.960111111111,80.79266666666668
144.8,633.4148888888889,80.82533333333335
144.9,632.8696666666667,80.858
145.0,632.3244444444445,80.894
145.1,631.7792222222223,80.92999999999999
145.20000000000002,631.2339999999999,80.96600000000001
145.3,630.6887777777778,81.01266666666668
145.4,630.1435555555555,81.05933333333333
145.5,629.5983333333334,81.106
145.6,629.8902555555555,81.176
145.70000000000002,630.1821777777778,81.24600000000002
145.8,630.4741,81.31600000000002
145.9,630.7660222222223,81.37100000000001
146.0,631.0579444444445,81.426
146.1,631.3498666666667,81.481
146.20000000000002,631.641788888889,81.543
146.3,631.9337111111112,81.605
146.4,632.2256333333333,81.667
146.5,632.5175555555556,81.72266666666667
146.6,632.8094777777778,81.77833333333334
146.70000000000002,633.1014000000001,81.83400000000002
146.8,633.3933222222223,81.88233333333335
146.9,633.6852444444445,81.93066666666667
147.0,633.9771666666668,81.979
147.1,634.269088888889,82.047
147.20000000000002,634.5610111111113,82.11500000000002
147.3,634.8529333333335,82.18300000000002
147.4,635.1448555555556,82.25666666666669
147.5,635.4367777777778,82.33033333333334
147.6,635.7287000000001,82.404
147.70000000000002,636.0206222222224,82.44166666666668
147.8,636.3125444444446,82.47933333333333
147.9,636.6044666666668,82.517
148.0,636.896388888889,82.54766666666666
148.1,637.1883111111111,82.57833333333333
148.20000000000002,637.4802333333334,82.60900000000001
148.3,637.7721555555557,82.646
148.4,638.0640777777779,82.683
148.5,638.3560000000001,82.72
148.6,638.1623444444446,82.76333333333334
148.70000000000002,637.968688888889,82.80666666666667
148.8,637.7750333333335,82.85000000000001
148.9,637.5813777777779,82.89500000000001
149.0,637.3877222222224,82.94
149.1,637.1940666666668,82.985
149.20000000000002,637.0004111111111,83.03333333333335
149.3,636.8067555555556,83.08166666666666
149.4,636.6131,83.13
149.5,636.4194444444445,83.189
149.6,636.2257888888889,83.248
149.70000000000002,636.0321333333334,83.30700000000002
149.8,635.8384777777778,83.36566666666668
149.9,635.6448222222223,83.42433333333334
150.0,635.4511666666667,83.483
150.1,635.2575111111112,83.53733333333334
150.20000000000002,635.0638555555556,83.59166666666668
150.3,634.8702000000001,83.64600000000002
150.4,634.6765444444445,83.69433333333335
150.5,634.482888888889,83.74266666666666
150.6,634.2892333333334,83.791
150.70000000000002,634.0955777777777,83.84466666666667
150.8,633.9019222222222,83.89833333333334
150.9,633.7082666666666,83.952
151.0,633.5146111111111,84.00433333333334
151.1,633.3209555555555,84.05666666666666
151.20000000000002,633.1273,84.10900000000001
151.3,632.9336444444444,84.17133333333334
151.4,632.7399888888889,84.23366666666668
151.5,632.5463333333333,84.296
151.6,633.411511111111,84.34733333333334
151.70000000000002,634.276688888889,84.39866666666668
151.8,635.1418666666667,84.45000000000002
151.9,636.0070444444445,84.48133333333334
152.0,636.8722222222223,84.51266666666668
152.1,637.7374,84.544
152.20000000000002,638.6025777777779,84.58766666666668
152.3,639.4677555555556,84.63133333333333
152.4,640.3329333333334,84.675
152.5,641.1981111111111,84.732
152.6,642.0632888888888,84.789
152.70000000000002,642.9284666666668,84.84600000000002
152.8,643.7936444444446,84.90733333333334
152.9,644.6588222222223,84.96866666666668
153.0,645.524,85.03
153.1,646.3891777777777,85.092
153.20000000000002,647.2543555555557,85.15400000000001
153.3,648.1195333333334,85.21600000000001
153.4,648.9847111111112,85.28133333333335
153.5,649.8498888888889,85.34666666666668
153.60000000000002,650.7150666666669,85.41200000000002
153.70000000000002,651.5802444444446,85.46300000000001
153.8,652.4454222222223,85.51400000000001
153.9,653.3106,85.565
154.0,654.1757777777777,85.617
154.10000000000002,655.0409555555558,85.66900000000001
154.20000000000002,655.9061333333335,85.72100000000002
154.3,656.7713111111112,85.77866666666668
154.4,657.636488888889,85.83633333333334
154.5,658.5016666666667,85.894
154.60000000000002,658.3068666666666,85.94966666666669
154.70000000000002,658.1120666666666,86.00533333333335
154.8,657.9172666666666,86.06100000000002
154.9,657.7224666666666,86.11233333333335
155.0,657.5276666666666,86.16366666666667
155.10000000000002,657.3328666666666,86.21500000000002
155.20000000000002,657.1380666666666,86.27433333333335
155.3,656.9432666666665,86.33366666666667
155.4,656.7484666666666,86.393
155.5,656.5536666666666,86.45
155.60000000000002,656.3588666666666,86.507
155.70000000000002,656.1640666666666,86.56400000000001
155.8,655.9692666666666,86.62533333333334
155.9,655.7744666666666,86.68666666666667
156.0,655.5796666666665,86.748
156.10000000000002,655.3848666666665,86.80125000000001
156.20000000000002,655.1900666666666,86.85450000000002
156.3,654.9952666666666,86.90775000000001
156.4,654.8004666666666,86.961
156.5,654.6056666666666,87.02066666666667
156.60000000000002,654.4108666666665,87.08033333333336
156.70000000000002,654.2160666666665,87.14000000000001
156.8,654.0212666666665,87.18900000000001
156.9,653.8264666666665,87.23800000000001
157.0,653.6316666666665,87.287
157.10000000000002,653.4368666666664,87.34800000000003
157.20000000000002,653.2420666666665,87.40900000000002
157.3,653.0472666666665,87.47000000000001
157.4,652.8524666666665,87.53466666666668
157.5,652.6576666666665,87.59933333333333
157.60000000000002,653.0298777777778,87.66400000000002
157.70000000000002,653.4020888888888,87.71200000000002
157.8,653.7742999999999,87.76
157.9,654.146511111111,87.808
158.0,654.5187222222221,87.88933333333334
158.10000000000002,654.8909333333332,87.9706666666667
158.20000000000002,655.2631444444444,88.05200000000004
158.3,655.6353555555555,88.15233333333336
158.4,656.0075666666665,88.25266666666667
158.5,656.3797777777777,88.353
158.60000000000002,656.7519888888888,88.43166666666669
158.70000000000002,657.1242,88.51033333333335
158.8,657.496411111111,88.58900000000001
158.9,657.8686222222221,88.65933333333335
159.0,658.2408333333333,88.72966666666667
159.10000000000002,658.6130444444444,88.80000000000003
159.20000000000002,658.9852555555556,88.87833333333334
159.3,659.3574666666666,88.95666666666668
159.4,659.7296777777777,89.035
159.5,660.1018888888888,89.11733333333333
159.60000000000002,660.4741,89.19966666666669
159.70000000000002,660.846311111111,89.28200000000002
159.8,661.2185222222222,89.35900000000001
159.9,661.5907333333333,89.436
160.0,661.9629444444444,89.513
160.10000000000002,662.3351555555556,89.58433333333336
160.20000000000002,662.7073666666666,89.65566666666669
160.3,663.0795777777778,89.72700000000002
160.4,663.4517888888888,89.79866666666668
160.5,663.824,89.87033333333333
160.60000000000002,663.7922555555555,89.94200000000002
160.70000000000002,663.7605111111111,90.01800000000001
160.8,663.7287666666666,90.09400000000001
160.9,663.6970222222221,90.17
161.0,663.6652777777778,90.22333333333333
161.10000000000002,663.6335333333333,90.27666666666669
161.20000000000002,663.6017888888888,90.33000000000001
161.3,663.5700444444444,90.367
161.4,663.5382999999999,90.40400000000001
161.5,663.5065555555555,90.441
161.60000000000002,663.4748111111111,90.47300000000001
161.70000000000002,663.4430666666666,90.50500000000001
161.8,663.4113222222221,90.537
161.9,663.3795777777777,90.531
162.0,663.3478333333333,90.525
162.10000000000002,663.3160888888888,90.519
162.20000000000002,663.2843444444444,90.54266666666668
162.3,663.2525999999999,90.56633333333333
162.4,663.2208555555554,90.59
162.5,663.1891111111111,90.638
162.60000000000002,663.1573666666666,90.686
162.70000000000002,663.1256222222221,90.73400000000001
162.8,663.0938777777777,90.79466666666667
162.9,663.0621333333332,90.85533333333333
163.0,663.0303888888888,90.916
163.10000000000002,662.9986444444444,90.97633333333334
163.20000000000002,662.9668999999999,91.03666666666668
163.3,662.9351555555554,91.09700000000001
163.4,662.903411111111,91.13533333333334
163.5,662.8716666666666,91.17366666666668
163.60000000000002,662.4147888888887,91.21200000000002
163.70000000000002,661.9579111111109,91.26133333333334
163.8,661.5010333333332,91.31066666666668
163.9,661.0441555555554,91.36
164.0,660.5872777777777,91.38966666666667
164.10000000000002,660.1303999999998,91.41933333333334
164.20000000000002,659.6735222222221,91.449
164.3,659.2166444444443,91.473
164.4,658.7597666666666,91.497
164.5,658.3028888888889,91.521
164.60000000000002,657.846011111111,91.56666666666668
164.70000000000002,657.3891333333332,91.61233333333335
164.8,656.9322555555555,91.65800000000002
164.9,656.4753777777778,91.69766666666668
165.0,656.0185,91.73733333333334
165.10000000000002,655.5616222222221,91.77700000000002
165.20000000000002,655.1047444444443,91.81566666666667
165.3,654.6478666666667,91.85433333333334
165.4,654.1909888888889,91.893
165.5,653.7341111111111,91.92633333333333
165.60000000000002,653.2772333333332,91.95966666666668
165.70000000000002,652.8203555555556,91.99300000000001
165.8,652.3634777777778,92.03266666666667
165.9,651.9066,92.07233333333333
166.0,651.4497222222224,92.112
166.10000000000002,650.9928444444445,92.18500000000002
166.20000000000002,650.5359666666667,92.25800000000002
166.3,650.0790888888889,92.33100000000002
166.4,649.6222111111113,92.37733333333334
166.5,649.1653333333335,92.42366666666668
166.60000000000002,649.804177777778,92.47000000000001
166.70000000000002,650.4430222222225,92.50733333333334
166.8,651.0818666666669,92.54466666666667
166.9,651.7207111111113,92.582
167.0,652.3595555555557,92.63933333333333
167.10000000000002,652.9984000000003,92.69666666666669
167.20000000000002,653.6372444444447,92.75400000000002
167.3,654.276088888889,92.82400000000001
167.4,654.9149333333335,92.894
167.5,655.5537777777779,92.964
167.60000000000002,656.1926222222224,93.01900000000002
167.70000000000002,656.8314666666669,93.07400000000001
167.8,657.4703111111113,93.12900000000002
167.9,658.1091555555557,93.16866666666668
168.0,658.748,93.20833333333334
168.10000000000002,659.3868444444447,93.248
168.20000000000002,660.0256888888891,93.272
168.3,660.6645333333335,93.29599999999999
168.4,661.3033777777779,93.32
168.5,661.9422222222223,93.31833333333333
168.60000000000002,662.5810666666669,93.31666666666666
168.70000000000002,663.2199111111113,93.315
168.8,663.8587555555557,93.33200000000001
168.9,664.4976000000001,93.349
169.0,665.1364444444446,93.366
169.10000000000002,665.7752888888891,93.44400000000002
169.20000000000002,666.4141333333336,93.52200000000002
169.3,667.0529777777779,93.60000000000002
169.4,667.6918222222223,93.68266666666668
169.5,668.3306666666667,93.76533333333334
169.60000000000002,667.9284444444444,93.84800000000003
169.70000000000002,667.5262222222223,93.95566666666669
169.8,667.124,94.06333333333335
169.9,666.7217777777778,94.171
170.0,666.3195555555556,94.27900000000001
170.10000000000002,665.9173333333333,94.38700000000003
170.20000000000002,665.5151111111111,94.49500000000003
170.3,665.1128888888888,94.60566666666669
170.4,664.7106666666666,94.71633333333334
170.5,664.3084444444445,94.827
170.60000000000002,663.9062222222221,94.94733333333336
170.70000000000002,663.5039999999999,95.0676666666667
170.8,663.1017777777777,95.18800000000003
170.9,662.6995555555555,95.28333333333336
171.0,662.2973333333333,95.37866666666667
171.10000000000002,661.895111111111,95.47400000000003
171.20000000000002,661.4928888888888,95.55700000000002
171.3,661.0906666666666,95.64000000000001
171.4,660.6884444444444,95.723
171.5,660.2862222222221,95.80266666666667
171.60000000000002,659.8839999999999,95.88233333333336
171.70000000000002,659.4817777777777,95.96200000000002
171.8,659.0795555555554,96.01850000000002
171.9,658.6773333333332,96.07500000000002
172.0,658.2751111111111,96.1315
172.10000000000002,657.8728888888887,96.18800000000002
172.20000000000002,657.4706666666665,96.26033333333335
172.3,657.0684444444443,96.33266666666667
172.4,656.6662222222221,96.405
172.5,656.2639999999999,96.45433333333334
172.60000000000002,656.7655,96.50366666666667
172.70000000000002,657.2669999999999,96.55300000000003
172.8,657.7685,96.63933333333334
172.9,658.27,96.72566666666667
173.0,658.7715,96.812
173.10000000000002,659.273,96.9126666666667
173.20000000000002,659.7745,97.01333333333336
173.3,660.276,97.11400000000003
173.4,660.7774999999999,97.19966666666669
173.5,661.2789999999999,97.28533333333334
173.60000000000002,661.7805000000001,97.37100000000001
173.70000000000002,662.282,97.44400000000002
173.8,662.7835,97.51700000000001
173.9,663.285,97.59
174.0,663.7864999999999,97.62666666666667
174.10000000000002,664.288,97.66333333333334
174.20000000000002,664.7895,97.70000000000002
174.3,665.2909999999999,97.74033333333334
174.4,665.7925,97.78066666666668
174.5,666.294,97.821
174.60000000000002,666.7955000000001,97.85900000000001
174.70000000000002,667.297,97.897
174.8,667.7985,97.93500000000002
174.9,668.3,97.96933333333334
175.0,668.8014999999999,98.00366666666667
175.10000000000002,669.3030000000001,98.03800000000001
175.20000000000002,669.8045000000001,98.084
175.3,670.306,98.13000000000001
175.4,670.8075,98.176
175.5,671.309,98.22766666666666
175.60000000000002,670.9782222222221,98.27933333333335
175.70000000000002,670.6474444444443,98.33100000000002
175.8,670.3166666666666,98.40166666666669
175.9,669.9858888888889,98.47233333333334
176.0,669.6551111111111,98.543
176.10000000000002,669.3243333333332,98.6206666666667
176.20000000000002,668.9935555555555,98.69833333333335
176.3,668.6627777777777,98.77600000000002
176.4,668.332,98.87966666666668
176.5,668.0012222222222,98.98333333333335
176.60000000000002,667.6704444444443,99.08700000000002
176.70000000000002,667.3396666666666,99.16100000000002
176.8,667.0088888888888,99.235
176.9,666.6781111111111,99.309
177.0,666.3473333333334,99.369
177.10000000000002,666.0165555555554,99.42900000000002
177.20000000000002,665.6857777777777,99.48900000000002
177.3,665.3549999999999,99.52266666666668
177.4,665.0242222222222,99.55633333333334
177.5,664.6934444444445,99.59
177.60000000000002,664.3626666666665,99.65766666666669
177.70000000000002,664.0318888888888,99.72533333333335
177.8,663.7011111111111,99.79300000000003
177.9,663.3703333333333,99.88700000000003
178.0,663.0395555555556,99.98100000000001
178.10000000000002,662.7087777777778,100.07500000000003
178.20000000000002,662.3779999999999,100.15266666666669
178.3,662.0472222222222,100.23033333333335
178.4,661.7164444444444,100.308
178.5,661.3856666666667,100.379
178.60000000000002,662.0963666666669,100.45000000000002
178.70000000000002,662.8070666666667,100.52100000000002
178.8,663.5177666666667,100.57100000000001
178.9,664.2284666666667,100.62100000000001
179.0,664.9391666666667,100.671
179.10000000000002,665.6498666666669,100.68833333333335
179.20000000000002,666.3605666666667,100.70566666666667
179.3,667.0712666666667,100.72300000000001
179.4,667.7819666666667,100.763
179.5,668.4926666666667,100.80300000000001
179.60000000000002,669.2033666666669,100.84300000000002
179.70000000000002,669.9140666666667,100.90700000000001
179.8,670.6247666666667,100.971
179.9,671.3354666666667,101.035
180.0,672.0461666666666,101.12466666666667
180.10000000000002,672.7568666666668,101.21433333333336
180.20000000000002,673.4675666666667,101.30400000000003
180.3,674.1782666666667,101.39133333333335
180.4,674.8889666666666,101.47866666666668
180.5,675.5996666666666,101.566
180.60000000000002,676.3103666666668,101.63100000000001
180.70000000000002,677.0210666666667,101.69600000000001
180.8,677.7317666666667,101.76100000000001
180.9,678.4424666666666,101.81366666666668
181.0,679.1531666666666,101.86633333333333
181.10000000000002,679.8638666666668,101.91900000000001
181.20000000000002,680.5745666666667,101.95866666666667
181.3,681.2852666666666,101.99833333333333
181.4,681.9959666666666,102.038
181.5,682.7066666666666,102.064
181.60000000000002,682.1161555555553,102.09
181.70000000000002,681.5256444444443,102.11600000000001
181.8,680.9351333333332,102.18133333333334
181.9,680.3446222222221,102.24666666666667
182.0,679.754111111111,102.312
182.10000000000002,679.1635999999997,102.33566666666667
182.20000000000002,678.5730888888887,102.35933333333334
182.3,677.9825777777776,102.383
182.4,677.3920666666666,102.372
182.5,676.8015555555554,102.36099999999999
182.60000000000002,676.2110444444442,102.35000000000001
182.70000000000002,675.6205333333331,102.38633333333334
182.8,675.030022222222,102.42266666666667
182.9,674.439511111111,102.459
183.0,673.8489999999999,102.50933333333333
183.10000000000002,673.2584888888887,102.55966666666669
183.20000000000002,672.6679777777775,102.61000000000001
183.3,672.0774666666665,102.66666666666667
183.4,671.4869555555554,102.72333333333334
183.5,670.8964444444443,102.78
183.60000000000002,670.3059333333331,102.86033333333336
183.70000000000002,669.715422222222,102.94066666666669
183.8,669.1249111111109,103.02100000000003
183.9,668.5343999999998,103.12300000000002
184.0,667.9438888888888,103.22500000000001
184.10000000000002,667.3533777777775,103.32700000000003
184.20000000000002,666.7628666666664,103.43433333333336
184.3,666.1723555555553,103.54166666666667
184.4,665.5818444444442,103.649
184.5,664.9913333333332,103.75933333333333
184.60000000000002,665.4314555555554,103.8696666666667
184.70000000000002,665.8715777777777,103.98000000000003
184.8,666.3116999999999,104.08166666666669
184.9,666.751822222222,104.18333333333334
185.0,667.1919444444443,104.285
185.10000000000002,667.6320666666666,104.3676666666667
185.20000000000002,668.0721888888888,104.45033333333336
185.3,668.512311111111,104.53300000000003
185.4,668.9524333333331,104.61000000000001
185.5,669.3925555555554,104.68700000000001
185.60000000000002,669.8326777777777,104.76400000000001
185.70000000000002,670.2727999999998,104.81733333333334
185.8,670.7129222222221,104.87066666666668
185.9,671.1530444444443,104.924
186.0,671.5931666666665,104.97366666666667
186.10000000000002,672.0332888888888,105.02333333333334
186.20000000000002,672.473411111111,105.07300000000001
186.3,672.9135333333332,105.12833333333334
186.4,673.3536555555554,105.18366666666667
186.5,673.7937777777776,105.239
186.60000000000002,674.2339,105.31133333333335
186.70000000000002,674.6740222222221,105.38366666666668
186.8,675.1141444444443,105.45600000000002
186.9,675.5542666666665,105.51366666666668
187.0,675.9943888888887,105.57133333333334
187.10000000000002,676.4345111111111,105.62900000000002
187.20000000000002,676.8746333333332,105.68125000000002
187.3,677.3147555555554,105.7335
187.4,677.7548777777777,105.78575000000001
187.5,678.1949999999998,105.838
187.60000000000002,678.5385666666666,105.882
187.70000000000002,678.8821333333333,105.92600000000002
187.8,679.2256999999998,105.97
187.9,679.5692666666665,105.96433333333333
188.0,679.9128333333332,105.95866666666667
188.10000000000002,680.2564,105.953
188.20000000000002,680.5999666666667,105.95033333333333
188.3,680.9435333333332,105.94766666666666
188.4,681.2870999999999,105.945
188.5,681.6306666666666,105.97399999999999
188.60000000000002,681.9742333333334,106.003
188.70000000000002,682.3178,106.032
188.8,682.6613666666666,106.01066666666667
188.9,683.0049333333333,105.98933333333333
189.0,683.3485,105.968
189.10000000000002,683.6920666666667,105.973
189.20000000000002,684.0356333333334,105.97800000000001
189.3,684.3792,105.983
189.4,684.7227666666666,106.00000000000001
189.5,685.0663333333333,106.01700000000001
189.60000000000002,685.4099000000001,106.034
189.70000000000002,685.7534666666668,106.036
189.8,686.0970333333333,106.03800000000001
189.9,686.4406,106.04
190.0,686.7841666666667,106.04
190.10000000000002,687.1277333333335,106.04
190.20000000000002,687.4713000000002,106.04000000000002
190.3,687.8148666666667,106.08266666666668
190.4,688.1584333333334,106.12533333333334
190.5,688.5020000000001,106.168
190.60000000000002,688.2801333333333,106.25666666666669
190.70000000000002,688.0582666666667,106.34533333333336
190.8,687.8364,106.43400000000001
190.9,687.6145333333334,106.49966666666668
191.0,687.3926666666667,106.56533333333334
191.10000000000002,687.1708,106.63100000000003
191.20000000000002,686.9489333333333,106.72166666666669
191.3,686.7270666666667,106.81233333333334
191.4,686.5052,106.903
191.5,686.2833333333333,107.01100000000001
191.60000000000002,686.0614666666667,107.11900000000003
191.70000000000002,685.8395999999999,107.22700000000003
191.8,685.6177333333333,107.31633333333336
191.9,685.3958666666666,107.40566666666668
192.0,685.174,107.495
192.10000000000002,684.9521333333332,107.57533333333336
192.20000000000002,684.7302666666666,107.65566666666669
192.3,684.5083999999999,107.73600000000002
192.4,684.2865333333333,107.79433333333334
192.5,684.0646666666667,107.85266666666668
192.60000000000002,683.8427999999999,107.91100000000002
192.70000000000002,683.6209333333333,107.97300000000001
192.8,683.3990666666666,108.035
192.9,683.1771999999999,108.097
193.0,682.9553333333332,108.15733333333333
193.10000000000002,682.7334666666666,108.21766666666669
193.20000000000002,682.5115999999998,108.27800000000003
193.3,682.2897333333332,108.36566666666668
193.4,682.0678666666665,108.45333333333335
193.5,681.8459999999999,108.541
193.60000000000002,677.62751111111,108.62766666666668
193.70000000000002,673.4090222222214,108.71433333333336
193.8,669.1905333333327,108.80100000000002
193.9,664.9720444444441,108.85766666666667
194.0,660.7535555555555,108.91433333333335
194.10000000000002,656.5350666666657,108.97100000000002
194.20000000000002,652.316577777777,109.03666666666669
194.3,648.0980888888884,109.10233333333335
194.4,643.8795999999996,109.168
194.5,639.661111111111,109.25566666666667
194.60000000000002,635.4426222222212,109.34333333333336
194.70000000000002,631.2241333333326,109.43100000000001
194.8,627.0056444444439,109.483
194.9,622.7871555555553,109.53500000000001
195.0,618.5686666666666,109.587
195.10000000000002,614.3501777777768,109.62100000000001
195.20000000000002,610.1316888888881,109.655
195.3,605.9131999999995,109.68900000000001
195.4,601.6947111111108,109.75966666666667
195.5,597.4762222222222,109.83033333333333
195.60000000000002,593.2577333333323,109.90100000000001
195.70000000000002,589.0392444444437,109.95700000000001
195.8,584.820755555555,110.013
195.9,580.6022666666664,110.069
196.0,576.3837777777778,110.14866666666667
196.10000000000002,572.165288888888,110.22833333333337
196.20000000000002,567.9467999999993,110.30800000000004
196.3,563.7283111111107,110.38433333333336
196.4,559.5098222222219,110.46066666666668
196.5,555.2913333333333,110.537
196.60000000000002,536.7816222222181,110.57366666666668
196.70000000000002,518.271911111108,110.61033333333334
196.8,499.7621999999979,110.64700000000003
196.9,481.25248888888785,110.74766666666669
197.0,462.7427777777778,110.84833333333334
197.10000000000002,444.23306666666247,110.94900000000001
197.20000000000002,425.7233555555524,111.01733333333334
197.3,407.21364444444237,111.08566666666667
197.4,388.7039333333323,111.154
197.5,370.19422222222227,111.18266666666666
197.60000000000002,351.68451111110693,111.21133333333334
197.70000000000002,333.1747999999968,111.24000000000001
197.8,314.66508888888677,111.305
197.9,296.1553777777767,111.37
198.0,277.64566666666667,111.435
198.10000000000002,259.1359555555514,111.46533333333335
198.20000000000002,240.62624444444128,111.49566666666668
198.3,222.11653333333123,111.526
