Voltage (V),Current (A),Temperature (C),eRPM,Throttle Duty,Motor Duty,Phase Current (A),Power (W),Status 1,Status 2,Serial Number: 3620885024
71.681686,1.4,23.67,509,7,2,0,100.35,1,0,
71.651657,3,23.65,2837,13,3,0,214.95,1,0,
71.62162,2.6,23.62,2004,21,3,0,186.22,1,0,
71.471474,5,23.62,1980,28,4,0,357.36,1,0,
71.471474,5.8,23.62,2568,31,5,0,414.53,1,0,
71.441444,8,23.6,2575,32,5,0,571.53,1,0,
71.471474,6.6,23.6,2802,31,5,0,471.71,1,0,
71.411415,8.8,23.6,2586,32,5,0,628.42,1,0,
71.471474,7.4,23.57,1678,37,5,0,528.89,1,0,
71.351357,12.2,23.57,1475,45,6,0,870.49,1,0,
71.531532,8.8,23.57,962,51,5,0,629.48,1,0,
71.441444,8.6,23.6,1401,60,6,0,614.4,1,0,
71.501503,11.6,23.67,1189,68,5,0,829.42,1,0,
71.32132,7,23.7,1948,76,6,0,499.25,1,0,
71.32132,9.6,23.72,1905,84,5,0,684.68,1,0,
71.591591,5.8,23.82,2050,93,5,0,415.23,1,0,
71.561562,8.6,23.85,2008,98,5,0,615.43,1,0,
71.531532,6.6,23.95,2046,98,5,0,472.11,1,0,
71.471474,10.6,24.02,2133,98,5,0,757.6,1,0,
71.741745,7.8,24.1,2258,98,5,0,559.59,1,0,
71.351357,9.2,24.17,2291,100,6,0,656.43,1,0,
71.441444,7.4,24.2,2276,100,5,0,528.67,1,0,
71.171173,7.4,24.3,2337,100,6,0,526.67,1,0,
71.501503,8,24.35,2279,100,5,0,572.01,1,0,
71.471474,6.4,24.42,2185,100,5,0,457.42,1,0,
71.561562,8.4,24.5,2185,100,5,0,601.12,1,0,
71.651657,6,24.57,2290,100,5,0,429.91,1,0,
71.471474,9.6,24.7,1962,100,5,0,686.13,1,0,
71.501503,6.4,24.7,2285,100,5,0,457.61,1,0,
71.441444,10.6,24.77,2407,100,6,0,757.28,1,0,
71.681686,5.8,24.85,2659,100,5,0,415.75,1,0,
71.441444,10.2,24.95,2307,100,7,0,728.7,1,0,
71.531532,6.8,26.72,958,100,5,0,486.41,1,0,
71.531532,9.2,26.85,2225,100,5,0,658.09,1,0,
71.381386,6.2,26.87,2274,100,5,0,442.56,1,0,
71.591591,8.8,26.9,2065,100,5,0,630.01,1,0,
71.411415,6.4,26.95,1916,100,5,0,457.03,1,0,
71.441444,9.4,27,1982,100,5,0,671.55,1,0,
71.471474,7.2,27,2280,100,5,0,514.59,1,0,
71.111115,9,27.08,2216,100,6,0,640,1,0,
71.62162,8,27.15,729,100,5,0,572.97,1,0,
71.411415,7.8,27.15,2104,100,6,0,557.01,1,0,
71.531532,8.6,27.15,2216,100,5,0,615.17,1,0,
71.471474,6.6,27.25,1986,100,5,0,471.71,1,0,
71.531532,8.8,27.31,1985,100,5,0,629.48,1,0,
71.501503,6,27.31,2340,100,5,0,429.01,1,0,
71.561562,8.4,27.33,2207,100,5,0,601.12,1,0,
71.921921,6.4,27.41,1875,100,5,0,460.3,1,0,
71.081085,8.8,27.43,1979,100,5,0,625.51,1,0,
71.561562,7.8,27.46,2175,100,5,0,558.18,1,0,
71.531532,8.2,27.51,1962,100,6,0,586.56,1,0,
71.591591,7.8,27.56,727,100,5,0,558.41,1,0,
71.411415,7.2,27.59,1902,100,6,0,514.16,1,0,
71.531532,8.6,27.59,2029,100,5,0,615.17,1,0,
71.501503,6.6,27.69,2007,100,6,0,471.91,1,0,
71.501503,8.8,27.72,1984,100,5,0,629.21,1,0,
71.501503,6.2,27.72,2116,100,5,0,443.31,1,0,
71.471474,9,27.74,2122,100,5,0,643.24,1,0,
71.381386,6.2,27.82,1915,100,5,0,442.56,1,0,
71.051056,8.6,27.82,1983,100,5,0,611.04,1,0,
71.501503,7.6,27.84,2136,100,5,0,543.41,1,0,
71.801804,7.8,27.9,2270,100,6,0,560.05,1,0,
71.501503,9.4,27.95,736,100,5,0,672.11,1,0,
71.411415,8.2,27.97,1898,100,6,0,585.57,1,0,
71.651657,12,27.97,737,100,5,0,859.82,1,0,
71.62162,6.2,28.05,943,100,5,0,444.05,1,0,
71.261261,9,28.1,2125,100,5,0,641.35,1,0,
71.501503,6.6,28.13,2021,100,5,0,471.91,1,0,
71.471474,8.8,28.13,1985,100,5,0,628.95,1,0,
71.531532,7.4,28.13,1970,100,5,0,529.33,1,0,
71.441444,8.4,28.15,1772,100,5,0,600.11,1,0,
71.501503,8.6,28.28,1984,100,5,0,614.91,1,0,
71.381386,8.4,28.28,2373,100,6,0,599.6,1,0,
71.531532,9,28.28,775,100,5,0,643.78,1,0,
71.441444,7.2,28.28,2302,100,6,0,514.38,1,0,
71.501503,10.6,28.36,1694,100,5,0,757.92,1,0,
71.501503,6.6,28.38,931,100,5,0,471.91,1,0,
71.201202,8.8,28.44,2004,100,5,0,626.57,1,0,
71.471474,6.2,28.46,1924,100,5,0,443.12,1,0,
72.162163,7.6,28.46,1957,100,5,0,548.43,1,0,
71.681686,7,28.46,1906,100,5,0,501.77,1,0,
71.32132,8,28.51,2181,100,6,0,570.57,1,0,
71.561562,7.4,28.54,2127,100,5,0,529.56,1,0,
71.471474,7,28.62,2007,100,6,0,500.3,1,0,
71.501503,8.8,28.69,1827,100,5,0,629.21,1,0,
71.981987,5.4,28.72,2335,100,6,0,388.7,1,0,
71.561562,8.8,28.72,1985,100,5,0,629.74,1,0,
71.501503,6.4,28.72,2037,100,5,0,457.61,1,0,
71.531532,8,28.75,1982,100,5,0,572.25,1,0,
71.531532,7.2,28.75,2020,100,5,0,515.03,1,0,
71.381386,11.2,28.75,903,100,6,0,799.47,1,0,
71.531532,7.6,28.85,2059,100,5,0,543.64,1,0,
71.381386,9,28.9,2298,100,6,0,642.43,1,0,
71.531532,9,28.9,787,100,5,0,643.78,1,0,
71.381386,7,28.98,2352,100,6,0,499.67,1,0,
71.471474,9,28.98,1988,100,5,0,643.24,1,0,
71.501503,6.4,29.01,2151,100,5,0,457.61,1,0,
71.531532,8.2,29.03,1981,100,5,0,586.56,1,0,
71.531532,6.6,29.03,2027,100,5,0,472.11,1,0,
71.921921,8.2,29.06,1966,100,5,0,589.76,1,0,
71.981987,6.6,29.08,1865,100,5,0,475.08,1,0,
71.531532,8.8,29.08,1294,100,5,0,629.48,1,0,
71.561562,8,29.14,733,100,5,0,572.49,1,0,
71.411415,9,29.16,1630,100,6,0,642.7,1,0,
71.501503,9.2,29.19,774,100,5,0,657.81,1,0,
71.29129,6.2,29.21,2268,100,6,0,442.01,1,0,
71.531532,8.4,29.24,1983,100,5,0,600.86,1,0,
71.501503,6,29.32,2073,100,5,0,429.01,1,0,
71.561562,7.6,29.34,1982,100,5,0,543.87,1,0,
71.471474,6.2,29.34,1920,100,5,0,443.12,1,0,
71.471474,9.6,29.4,1841,100,5,0,686.13,1,0,
71.531532,7.6,29.42,1389,100,5,0,543.64,1,0,
71.531532,8.4,30.31,759,100,5,0,600.86,1,0,
71.351357,7.4,30.31,2286,100,6,0,528,1,0,
71.531532,8.6,30.34,1987,100,5,0,615.17,1,0,
71.441444,7,30.39,2011,100,5,0,500.09,1,0,
71.531532,8.2,30.39,1987,100,5,0,586.56,1,0,
71.531532,6.6,30.42,2019,100,5,0,472.11,1,0,
72.072075,8.2,30.42,1937,100,5,0,590.99,1,0,
71.501503,7.4,30.47,1735,100,5,0,529.11,1,0,
71.651657,9.6,30.5,1162,100,5,0,687.86,1,0,
71.531532,8.2,30.52,732,100,5,0,586.56,1,0,
71.411415,8.8,30.55,2297,100,6,0,628.42,1,0,
71.501503,8.6,30.6,1058,100,5,0,614.91,1,0,
71.32132,6.4,30.6,2277,100,6,0,456.46,1,0,
71.471474,8.8,30.63,1986,100,5,0,628.95,1,0,
71.501503,6.6,30.65,2006,100,5,0,471.91,1,0,
71.471474,8.4,30.68,1983,100,5,0,600.36,1,0,
71.501503,6.6,30.71,1917,100,5,0,471.91,1,0,
71.501503,9,30.71,1526,100,5,0,643.51,1,0,
71.531532,7.4,30.76,725,100,5,0,529.33,1,0,
71.441444,10.8,30.79,1474,100,5,0,771.57,1,0,
71.531532,8.4,30.81,730,100,5,0,600.86,1,0,
71.381386,7.4,30.84,2294,100,6,0,528.22,1,0,
71.501503,8.6,30.92,1983,100,5,0,614.91,1,0,
71.471474,6.8,30.92,2209,100,5,0,486.01,1,0,
71.531532,8.2,30.95,1983,100,5,0,586.56,1,0,
71.501503,6.6,30.95,1972,100,5,0,471.91,1,0,
71.981987,8.2,30.95,1964,100,5,0,590.25,1,0,
72.012016,6.4,31,1857,100,5,0,460.88,1,0,
71.62162,9.2,31.05,1108,100,5,0,658.92,1,0,
71.561562,7.2,31.05,727,100,5,0,515.24,1,0,
71.351357,10.4,31.08,1704,100,6,0,742.05,1,0,
71.501503,8.4,31.1,736,100,5,0,600.61,1,0,
71.531532,8.4,31.9,1985,100,5,0,600.86,1,0,
71.501503,6.4,31.93,1994,100,6,0,457.61,1,0,
71.561562,8,31.96,1984,100,5,0,572.49,1,0,
71.501503,6.8,31.98,1969,100,5,0,486.21,1,0,
71.591591,9.2,32.01,1107,100,5,0,658.64,1,0,
71.531532,7,32.04,1449,100,5,0,500.72,1,0,
71.591591,10.6,32.09,1510,100,5,0,758.87,1,0,
71.531532,8.2,32.09,733,100,5,0,586.56,1,0,
71.411415,8.4,32.14,2305,100,6,0,599.86,1,0,
71.531532,8.2,32.17,1984,100,5,0,586.56,1,0,
71.62162,7.4,32.2,2260,100,6,0,530,1,0,
71.501503,8.6,32.2,1985,100,5,0,614.91,1,0,
71.651657,6.2,32.2,2000,100,5,0,444.24,1,0,
71.62162,8.4,32.25,1972,100,5,0,601.62,1,0,
71.651657,5.8,32.25,1881,100,5,0,415.58,1,0,
71.471474,10.4,32.31,1500,100,5,0,743.3,1,0,
71.531532,7.2,32.33,729,100,5,0,515.03,1,0,
71.381386,10.8,32.33,1383,100,6,0,770.92,1,0,
71.501503,8.2,32.33,843,100,5,0,586.31,1,0,
71.261261,7.4,32.39,2313,100,6,0,527.33,1,0,
71.501503,8.6,32.39,1987,100,5,0,614.91,1,0,
71.471474,6.8,32.44,1938,100,6,0,486.01,1,0,
71.531532,8.6,32.49,1983,100,5,0,615.17,1,0,
71.471474,6.6,32.52,1915,100,5,0,471.71,1,0,
71.561562,8.8,32.55,1902,100,5,0,629.74,1,0,
71.531532,7,32.55,1384,100,5,0,500.72,1,0,
71.62162,11,32.57,1475,100,5,0,787.84,1,0,
71.591591,7.2,32.6,725,100,5,0,515.46,1,0,
71.32132,10.2,32.63,1965,100,6,0,727.48,1,0,
71.501503,8,32.66,950,100,5,0,572.01,1,0,
72.072075,7.2,32.66,2208,100,6,0,518.92,1,0,
71.501503,8.2,32.68,1985,100,5,0,586.31,1,0,
71.62162,6.4,32.71,1947,100,6,0,458.38,1,0,
71.29129,8.6,32.76,1981,100,5,0,613.11,1,0,
71.411415,6.2,32.82,1911,100,5,0,442.75,1,0,
71.501503,10,32.87,1435,100,5,0,715.02,1,0,
71.531532,7,32.9,729,100,5,0,500.72,1,0,
71.351357,11,32.93,1559,100,6,0,784.86,1,0,
71.531532,8.2,32.95,737,100,5,0,586.56,1,0,
71.351357,9,32.98,2243,100,6,0,642.16,1,0,
71.501503,8.4,33.01,1981,100,5,0,600.61,1,0,
71.441444,7.6,33.01,2183,100,6,0,542.95,1,0,
71.531532,7.8,33.01,1985,100,5,0,557.95,1,0,
71.471474,6.6,33.06,1970,100,5,0,471.71,1,0,
71.501503,8.8,33.09,1973,100,5,0,629.21,1,0,
71.741745,6.2,33.09,1874,100,5,0,444.8,1,0,
71.561562,9.8,33.09,1339,100,5,0,701.3,1,0,
71.561562,7,33.14,732,100,5,0,500.93,1,0,
71.32132,10.4,33.17,1483,100,6,0,741.74,1,0,
71.531532,8.4,33.17,854,100,5,0,600.86,1,0,
71.201202,7.8,33.22,2238,100,6,0,555.37,1,0,
71.531532,8.4,33.28,1986,100,5,0,600.86,1,0,
71.531532,6.8,33.31,1918,100,6,0,486.41,1,0,
71.441444,8.2,33.36,1983,100,5,0,585.82,1,0,
71.441444,6.4,33.36,1909,100,5,0,457.23,1,0,
71.531532,9.6,33.41,1399,100,5,0,686.7,1,0,
71.561562,6.8,33.41,891,100,5,0,486.62,1,0,
71.501503,11.2,33.47,1405,100,5,0,800.82,1,0,
71.501503,8,33.47,740,100,5,0,572.01,1,0,
71.381386,9.2,33.5,2244,100,6,0,656.71,1,0,
71.531532,8.4,33.52,1370,100,5,0,600.86,1,0,
71.441444,7.4,33.55,2038,100,6,0,528.67,1,0,
71.531532,7.8,33.58,1987,100,5,0,557.95,1,0,
71.531532,6.6,33.61,1913,100,6,0,472.11,1,0,
71.771774,8.4,33.61,1971,100,5,0,602.88,1,0,
71.441444,6,33.63,1887,100,5,0,428.65,1,0,
71.501503,10,33.69,1374,100,5,0,715.02,1,0,
71.531532,7,33.69,727,100,5,0,500.72,1,0,
71.32132,11,33.74,1566,100,6,0,784.53,1,0,
71.531532,8,33.74,747,100,5,0,572.25,1,0,
71.32132,7.8,33.77,2237,100,6,0,556.31,1,0,
71.531532,8.4,33.8,1982,100,5,0,600.86,1,0,
71.441444,7.6,33.82,1920,100,6,0,542.95,1,0,
71.501503,8.2,33.85,1983,100,5,0,586.31,1,0,
71.471474,6.8,33.88,1921,100,5,0,486.01,1,0,
71.95195,9.2,33.93,1937,100,5,0,661.96,1,0,
71.861862,6.4,33.93,1826,100,5,0,459.92,1,0,
71.531532,10.4,33.96,1341,100,5,0,743.93,1,0,
71.561562,7,33.99,731,100,5,0,500.93,1,0,
71.381386,10,33.99,2246,100,6,0,713.81,1,0,
71.441444,8.2,35.37,1982,100,5,0,585.82,1,0,
71.351357,6.2,35.37,1902,100,5,0,442.38,1,0,
71.471474,9.8,35.37,2183,100,5,0,700.42,1,0,
71.531532,6.4,35.4,1986,100,5,0,457.8,1,0,
72.072075,8.4,35.4,2111,100,6,0,605.41,1,0,
71.501503,6.8,35.46,1982,100,5,0,486.21,1,0,
71.62162,6.4,35.46,1891,100,6,0,458.38,1,0,
71.531532,8.8,35.51,1342,100,5,0,629.48,1,0,
71.62162,6,35.51,726,100,5,0,429.73,1,0,
71.651657,8.8,35.54,1576,100,5,0,630.53,1,0,
71.501503,6.2,35.54,1987,100,5,0,443.31,1,0,
71.411415,12.2,35.57,2129,100,6,0,871.22,1,0,
71.531532,6.2,35.63,872,100,5,0,443.5,1,0,
71.381386,9,35.65,2130,100,5,0,642.43,1,0,
71.501503,6.4,35.68,1984,100,5,0,457.61,1,0,
71.411415,9.2,35.68,1905,100,6,0,656.99,1,0,
71.561562,6.6,35.68,2197,100,5,0,472.31,1,0,
71.471474,7.2,35.71,1929,100,6,0,514.59,1,0,
71.711716,7.6,35.74,1932,100,5,0,545.01,1,0,
71.531532,5.8,35.74,742,100,5,0,414.88,1,0,
71.471474,10.4,35.79,2133,100,5,0,743.3,1,0,
71.501503,6.6,35.79,823,100,5,0,471.91,1,0,
71.471474,8.6,35.82,2139,100,5,0,614.65,1,0,
71.531532,6.6,35.85,1983,100,5,0,472.11,1,0,
71.711716,9.2,35.85,2254,100,5,0,659.75,1,0,
71.561562,7.4,35.88,1982,100,5,0,529.56,1,0,
71.471474,8,35.91,1902,100,6,0,571.77,1,0,
71.531532,8.6,35.96,1244,100,5,0,615.17,1,0,
71.501503,6.4,35.96,743,100,5,0,457.61,1,0,
71.531532,7.6,35.96,1845,100,5,0,543.64,1,0,
71.531532,5.8,35.99,775,100,5,0,414.88,1,0,
71.471474,9.8,36.02,2155,100,5,0,700.42,1,0,
71.531532,6.4,36.02,759,100,5,0,457.8,1,0,
72.012016,9.6,36.05,2265,100,5,0,691.32,1,0,
71.501503,6.2,36.08,2023,100,5,0,443.31,1,0,
71.441444,8.8,36.08,1839,100,6,0,628.68,1,0,
71.531532,6.2,36.1,2298,100,5,0,443.5,1,0,
71.921921,6,36.1,1889,100,6,0,431.53,1,0,
71.531532,9.2,36.16,959,100,5,0,658.09,1,0,
71.471474,7,36.16,775,100,6,0,500.3,1,0,
71.501503,8.8,36.19,1898,100,5,0,629.21,1,0,
71.501503,6.2,36.22,811,100,5,0,443.31,1,0,
71.471474,9.4,36.24,2147,100,5,0,671.83,1,0,
71.501503,6.2,36.24,847,100,5,0,443.31,1,0,
71.471474,8.8,36.27,1863,100,6,0,628.95,1,0,
71.531532,6.6,36.3,1252,100,5,0,472.11,1,0,
71.441444,8.2,36.33,1881,100,6,0,585.82,1,0,
71.531532,8.4,36.36,1726,100,5,0,600.86,1,0,
71.501503,7,36.39,1802,100,6,0,500.51,1,0,
71.441444,11.2,36.39,838,100,5,0,800.14,1,0,
71.531532,6,36.41,743,100,5,0,429.19,1,0,
71.501503,9.2,36.41,2015,100,5,0,657.81,1,0,
71.501503,6.2,36.47,863,100,5,0,443.31,1,0,
71.501503,9.2,36.47,1855,100,5,0,657.81,1,0,
71.531532,6.4,36.5,1984,100,5,0,457.8,1,0,
71.441444,9,36.5,1850,100,6,0,642.97,1,0,
71.411415,7.6,36.53,1969,100,5,0,542.73,1,0,
71.381386,9,36.56,1930,100,6,0,642.43,1,0,
71.411415,10.8,36.58,896,100,5,0,771.24,1,0,
71.801804,6.8,36.58,1860,100,6,0,488.25,1,0,
71.471474,9.4,36.61,1620,100,5,0,671.83,1,0,
71.531532,5.6,36.64,784,100,5,0,400.58,1,0,
71.471474,9.8,36.64,2142,100,5,0,700.42,1,0,
71.531532,6.2,36.7,1376,100,5,0,443.5,1,0,
72.222221,9.4,36.7,2123,100,5,0,678.89,1,0,
71.531532,6.6,36.73,2148,100,5,0,472.11,1,0,
71.411415,7.6,36.73,1953,100,6,0,542.73,1,0,
71.471474,7,36.76,1982,100,5,0,500.3,1,0,
71.411415,7,36.78,1929,100,6,0,499.88,1,0,
71.561562,7.8,36.81,1663,100,5,0,558.18,1,0,
71.531532,6.2,36.84,769,100,5,0,443.5,1,0,
71.531532,8.2,36.84,1980,100,5,0,586.56,1,0,
71.531532,6,36.87,1568,100,5,0,429.19,1,0,
71.441444,10.8,36.87,2154,100,6,0,771.57,1,0,
71.531532,6.2,36.9,1031,100,5,0,443.5,1,0,
71.471474,9.4,36.9,1904,100,6,0,671.83,1,0,
71.501503,6.4,36.93,2085,100,5,0,457.61,1,0,
71.411415,7,36.95,1943,100,6,0,499.88,1,0,
71.561562,7.4,36.95,1765,100,5,0,529.56,1,0,
71.441444,7.2,36.98,1935,100,6,0,514.38,1,0,
71.561562,6,37.67,1978,100,5,0,429.37,1,0,
71.411415,8.4,37.67,2243,100,5,0,599.86,1,0,
71.531532,6.2,37.73,1986,100,5,0,443.5,1,0,
71.771774,9.6,37.73,2332,100,5,0,689.01,1,0,
71.95195,6.8,37.76,1913,100,5,0,489.27,1,0,
71.591591,9,37.76,1957,100,6,0,644.32,1,0,
71.531532,6.4,37.82,1984,100,5,0,457.8,1,0,
72.012016,8,37.82,1884,100,6,0,576.1,1,0,
71.471474,10,37.85,1075,100,5,0,714.71,1,0,
71.501503,6.6,37.9,1355,100,5,0,471.91,1,0,
71.62162,7.8,37.9,1802,100,5,0,558.65,1,0,
71.501503,5.8,37.93,773,100,5,0,414.71,1,0,
71.441444,9.6,37.93,1930,100,6,0,685.84,1,0,
71.501503,6.2,37.93,1982,100,5,0,443.31,1,0,
71.62162,9.8,37.93,1911,100,5,0,701.89,1,0,
71.831833,7.4,37.99,1940,100,5,0,531.56,1,0,
71.381386,9,37.99,1864,100,6,0,642.43,1,0,
71.561562,9,38.02,827,100,5,0,644.05,1,0,
71.351357,7.8,38.05,1955,100,6,0,556.54,1,0,
71.651657,8.4,38.08,1484,100,5,0,601.87,1,0,
71.531532,6,38.11,740,100,5,0,429.19,1,0,
71.501503,8.6,38.11,2130,100,5,0,614.91,1,0,
71.531532,6,38.14,1464,100,5,0,429.19,1,0,
71.501503,9.2,38.17,1846,100,6,0,657.81,1,0,
71.531532,6,38.17,1983,100,5,0,429.19,1,0,
71.411415,9.4,38.19,1847,100,6,0,671.27,1,0,
71.531532,6.6,38.22,2192,100,5,0,472.11,1,0,
71.411415,8,38.22,1958,100,6,0,571.29,1,0,
71.561562,7.4,38.22,1917,100,5,0,529.56,1,0,
71.471474,7.4,38.22,782,100,6,0,528.89,1,0,
71.441444,10.4,38.28,1615,100,5,0,742.99,1,0,
71.471474,6,38.31,848,100,5,0,428.83,1,0,
71.471474,9,38.31,2181,100,5,0,643.24,1,0,
71.531532,6,38.34,1838,100,5,0,429.19,1,0,
71.501503,9.4,38.34,1953,100,6,0,672.11,1,0,
71.531532,6.2,38.4,1982,100,5,0,443.5,1,0,
71.411415,7.4,38.4,1929,100,6,0,528.44,1,0,
71.411415,7.6,38.46,1976,100,5,0,542.73,1,0,
71.561562,6,38.46,719,100,5,0,429.37,1,0,
71.411415,11,38.49,838,100,5,0,785.53,1,0,
71.441444,7.2,38.49,944,100,5,0,514.38,1,0,
71.29129,8.8,38.49,2174,100,5,0,627.36,1,0,
71.531532,5.8,38.51,896,100,5,0,414.88,1,0,
71.561562,8.2,38.51,1917,100,5,0,586.8,1,0,
71.501503,5.8,38.54,1984,100,5,0,414.71,1,0,
71.651657,9.8,38.57,2202,100,5,0,702.19,1,0,
71.531532,7.4,38.6,1622,100,5,0,529.33,1,0,
71.411415,8.8,38.6,1946,100,6,0,628.42,1,0,
71.651657,9.2,38.63,920,100,5,0,659.2,1,0,
71.29129,6.2,38.66,1918,100,6,0,442.01,1,0,
71.501503,9.4,38.66,1557,100,5,0,672.11,1,0,
71.531532,6,38.69,753,100,5,0,429.19,1,0,
71.29129,9.2,38.69,2134,100,5,0,655.88,1,0,
71.501503,6.6,38.72,1984,100,5,0,471.91,1,0,
71.981987,8.8,38.75,2171,100,6,0,633.44,1,0,
71.471474,6.8,38.78,2089,100,5,0,486.01,1,0,
71.411415,8,38.81,1953,100,6,0,571.29,1,0,
71.681686,6.4,38.81,1968,100,5,0,458.76,1,0,
71.591591,8,38.81,1845,100,6,0,572.73,1,0,
71.561562,8,38.84,1312,100,5,0,572.49,1,0,
71.501503,6.4,38.84,721,100,5,0,457.61,1,0,
71.441444,11.4,38.87,982,100,6,0,814.43,1,0,
71.531532,5.8,38.9,1984,100,5,0,414.88,1,0,
71.471474,9.8,38.93,2178,100,5,0,700.42,1,0,
71.471474,7,38.95,1248,100,5,0,500.3,1,0,
71.561562,9.2,38.95,1946,100,6,0,658.37,1,0,
71.561562,7.6,38.98,1534,100,5,0,543.87,1,0,
71.381386,8.6,38.98,1964,100,6,0,613.88,1,0,
71.531532,7.2,39.01,1607,100,5,0,515.03,1,0,
71.531532,6.2,39.04,722,100,5,0,443.5,1,0,
71.471474,10.2,39.07,1064,100,5,0,729.01,1,0,
71.501503,6.8,39.1,796,100,5,0,486.21,1,0,
71.501503,8.6,39.1,2165,100,5,0,614.91,1,0,
71.531532,6,39.13,1981,100,5,0,429.19,1,0,
71.411415,10.6,39.16,2178,100,6,0,756.96,1,0,
71.561562,6.4,39.16,2107,100,5,0,457.99,1,0,
71.441444,8.4,39.19,1952,100,6,0,600.11,1,0,
71.561562,8.2,39.22,1300,100,5,0,586.8,1,0,
71.801804,7.2,39.22,1916,100,6,0,516.97,1,0,
71.561562,7.8,39.25,1420,100,5,0,558.18,1,0,
71.411415,6.6,39.28,1929,100,6,0,471.32,1,0,
71.95195,8.4,39.28,2146,100,5,0,604.4,1,0,
71.471474,7.6,39.28,783,100,5,0,543.18,1,0,
71.261261,9,39.31,2177,100,5,0,641.35,1,0,
71.531532,6,39.34,1984,100,5,0,429.19,1,0,
71.711716,10.4,39.34,2271,100,5,0,745.8,1,0,
71.501503,6,39.37,2057,100,5,0,429.01,1,0,
71.411415,7.6,39.4,1947,100,6,0,542.73,1,0,
71.531532,8,39.43,1107,100,5,0,572.25,1,0,
71.411415,8.2,39.46,1931,100,6,0,585.57,1,0,
71.471474,7.8,39.46,2241,100,5,0,557.48,1,0,
71.471474,7,39.46,775,100,6,0,500.3,1,0,
71.441444,9.6,39.49,2169,100,5,0,685.84,1,0,
71.471474,7,39.49,1473,100,5,0,500.3,1,0,
71.471474,9.8,39.49,2134,100,6,0,700.42,1,0,
71.501503,6,39.52,1981,100,5,0,429.01,1,0,
71.441444,9.2,39.52,1965,100,6,0,657.26,1,0,
71.471474,6.6,39.55,2120,100,5,0,471.71,1,0,
71.501503,7,39.58,712,100,5,0,500.51,1,0,
71.531532,6.8,39.61,1956,100,5,0,486.41,1,0,
71.531532,6,39.64,728,100,5,0,429.19,1,0,
71.471474,10,39.64,1961,100,5,0,714.71,1,0,
71.471474,7.6,39.64,762,100,5,0,543.18,1,0,
71.381386,10.8,39.69,2139,100,6,0,770.92,1,0,
71.471474,7,39.69,1221,100,5,0,500.3,1,0,
71.381386,11.4,39.72,2178,100,6,0,813.75,1,0,
71.501503,6.4,39.75,2094,100,5,0,457.61,1,0,
71.411415,8.4,39.78,1934,100,6,0,599.86,1,0,
71.441444,6.2,39.78,2047,100,5,0,442.94,1,0,
71.501503,6.6,39.78,1319,100,5,0,471.91,1,0,
71.471474,9.8,39.81,872,100,5,0,700.42,1,0,
71.471474,7.2,39.81,713,100,5,0,514.59,1,0,
71.471474,9.8,39.84,2299,100,5,0,700.42,1,0,
71.471474,7.2,39.84,856,100,5,0,514.59,1,0,
72.102104,8.8,39.87,2223,100,5,0,634.5,1,0,
71.471474,6.4,39.87,1981,100,5,0,457.42,1,0,
71.591591,8.8,39.87,1928,100,5,0,630.01,1,0,
71.561562,6.4,39.93,1982,100,5,0,457.99,1,0,
71.441444,8.4,39.93,1964,100,6,0,600.11,1,0,
71.561562,7,39.93,1543,100,5,0,500.93,1,0,
71.411415,10.6,39.96,909,100,6,0,756.96,1,0,
71.501503,6.6,39.96,2302,100,5,0,471.91,1,0,
71.471474,7.6,39.96,725,100,5,0,543.18,1,0,
71.62162,9,39.99,2192,100,5,0,644.59,1,0,
71.471474,7,39.99,1156,100,5,0,500.3,1,0,
71.29129,9.4,40.02,2306,100,5,0,670.14,1,0,
71.981987,6.4,40.02,1971,100,6,0,460.68,1,0,
71.501503,8.4,40.02,1948,100,5,0,600.61,1,0,
71.501503,7.2,40.08,1813,100,5,0,514.81,1,0,
71.471474,8.2,40.08,868,100,5,0,586.07,1,0,
71.561562,6.8,40.14,1581,100,5,0,486.62,1,0,
71.471474,6.8,40.14,718,100,5,0,486.01,1,0,
71.471474,7.6,40.14,2183,100,5,0,543.18,1,0,
71.501503,7.2,40.17,795,100,5,0,514.81,1,0,
71.561562,7.8,40.2,1989,100,5,0,558.18,1,0,
71.441444,6.4,40.2,1978,100,5,0,457.23,1,0,
71.591591,10.6,40.2,775,100,5,0,758.87,1,0,
71.501503,6.6,40.23,2141,100,5,0,471.91,1,0,
71.32132,13.8,40.29,1097,100,7,0,984.23,1,0,
71.531532,7.2,40.35,1982,100,5,0,515.03,1,0,
71.531532,6.8,40.35,709,100,5,0,486.41,1,0,
71.591591,6.8,40.35,2025,100,5,0,486.82,1,0,
71.62162,7.6,40.35,837,100,6,0,544.32,1,0,
71.531532,7.4,40.44,1980,100,5,0,529.33,1,0,
71.501503,6.4,40.47,1336,100,5,0,457.61,1,0,
71.471474,9.2,40.5,1849,100,5,0,657.54,1,0,
71.471474,6.8,40.5,1980,100,5,0,486.01,1,0,
71.741745,7.4,40.5,1898,100,6,0,530.89,1,0,
71.531532,6.8,40.5,1699,100,5,0,486.41,1,0,
71.411415,10,40.5,749,100,6,0,714.11,1,0,
71.62162,6.8,40.5,2019,100,5,0,487.03,1,0,
71.351357,10.2,40.56,2312,100,6,0,727.78,1,0,
71.471474,8.2,40.65,1970,100,5,0,586.07,1,0,
71.531532,6.2,40.68,914,100,5,0,443.5,1,0,
71.921921,8.4,40.68,2205,100,5,0,604.14,1,0,
71.471474,7.2,40.71,801,100,5,0,514.59,1,0,
71.441444,9.6,40.71,2025,100,6,0,685.84,1,0,
71.531532,7.6,40.71,876,100,5,0,543.64,1,0,
71.411415,10.6,40.74,1982,100,6,0,756.96,1,0,
71.501503,6.6,40.78,1747,100,5,0,471.91,1,0,
71.921921,9,40.81,2122,100,6,0,647.3,1,0,
71.471474,9.6,40.81,941,100,5,0,686.13,1,0,
71.62162,8.6,40.81,765,100,6,0,615.95,1,0,
71.531532,7.6,40.81,2177,100,5,0,543.64,1,0,
71.501503,7,40.87,731,100,5,0,500.51,1,0,
71.381386,9.8,40.9,2175,100,6,0,699.54,1,0,
71.531532,7.2,40.9,877,100,6,0,515.03,1,0,
71.411415,11,40.93,1981,100,6,0,785.53,1,0,
71.861862,6.4,40.93,1861,100,6,0,459.92,1,0,
71.381386,10.8,40.99,2081,100,6,0,770.92,1,0,
71.561562,6.8,41.02,1605,100,5,0,486.62,1,0,
71.471474,7.8,41.02,877,100,6,0,557.48,1,0,
71.501503,9.2,41.05,1085,100,5,0,657.81,1,0,
71.441444,6.8,41.08,739,100,6,0,485.8,1,0,
71.531532,8.4,41.08,1959,100,5,0,600.86,1,0,
71.471474,7.4,41.08,845,100,6,0,528.89,1,0,
71.411415,11.8,41.08,1013,100,6,0,842.65,1,0,
71.381386,6.8,41.14,1942,100,6,0,485.39,1,0,
71.351357,8.6,41.17,2123,100,6,0,613.62,1,0,
71.531532,6.8,41.17,1810,100,5,0,486.41,1,0,
71.441444,8.8,41.17,1801,100,6,0,628.68,1,0,
71.591591,9,41.2,868,100,5,0,644.32,1,0,
71.62162,7.2,41.2,708,100,6,0,515.68,1,0,
71.32132,7.6,41.2,2177,100,5,0,542.04,1,0,
71.501503,7.4,41.23,850,100,6,0,529.11,1,0,
71.501503,8,41.26,1983,100,5,0,572.01,1,0,
71.501503,6.4,41.29,1751,100,5,0,457.61,1,0,
71.411415,9.8,41.35,1931,100,6,0,699.83,1,0,
71.95195,5.8,41.35,1965,100,6,0,417.32,1,0,
71.351357,8.2,41.35,1951,100,6,0,585.08,1,0,
71.771774,5.2,41.35,1967,100,5,0,373.21,1,0,
71.501503,6.6,41.38,713,100,5,0,471.91,1,0,
71.561562,6.6,41.38,2093,100,5,0,472.31,1,0,
71.441444,8.4,41.41,859,100,5,0,600.11,1,0,
71.561562,7.8,41.48,1981,100,5,0,558.18,1,0,
71.531532,5.8,41.57,752,100,5,0,414.88,1,0,
71.441444,9.6,41.57,1853,100,6,0,685.84,1,0,
71.471474,7.6,41.57,917,100,5,0,543.18,1,0,
71.411415,9.8,41.57,1982,100,6,0,699.83,1,0,
71.501503,6.6,41.6,736,100,5,0,471.91,1,0,
71.471474,8.4,41.66,1860,100,6,0,600.36,1,0,
71.531532,7.6,41.66,1827,100,5,0,543.64,1,0,
71.32132,9.6,41.66,1987,100,6,0,684.68,1,0,
71.531532,9,41.66,737,100,5,0,643.78,1,0,
71.411415,8.4,41.69,1800,100,6,0,599.86,1,0,
71.411415,11.6,41.78,2112,100,6,0,828.37,1,0,
71.471474,7.4,41.78,1983,100,6,0,528.89,1,0,
71.561562,8.4,41.78,1950,100,5,0,601.12,1,0,
71.471474,6,41.78,1983,100,5,0,428.83,1,0,
71.411415,9.2,41.78,1947,100,6,0,656.99,1,0,
71.591591,6.2,41.78,1956,100,5,0,443.87,1,0,
71.591591,8,41.78,712,100,5,0,572.73,1,0,
71.501503,7.8,41.81,2279,100,5,0,557.71,1,0,
71.411415,8.4,41.88,1981,100,6,0,599.86,1,0,
71.62162,8.8,41.88,726,100,5,0,630.27,1,0,
71.501503,7.8,41.94,1831,100,6,0,557.71,1,0,
71.411415,10.8,42,2120,100,6,0,771.24,1,0,
71.441444,7.8,42,1472,100,5,0,557.24,1,0,
71.411415,12,42,831,100,6,0,856.94,1,0,
71.531532,6.2,42,1978,100,5,0,443.5,1,0,
71.381386,10.6,42.03,2077,100,6,0,756.64,1,0,
71.501503,8.8,42.06,866,100,5,0,629.21,1,0,
71.591591,9.4,42.09,721,100,5,0,672.96,1,0,
71.531532,7.8,42.09,2280,100,5,0,557.95,1,0,
71.921921,7.4,42.12,1897,100,6,0,532.22,1,0,
71.531532,8.2,42.12,764,100,5,0,586.56,1,0,
71.441444,7.4,42.12,1934,100,6,0,528.67,1,0,
71.32132,9.6,42.18,2124,100,6,0,684.68,1,0,
71.471474,8.6,42.18,927,100,5,0,614.65,1,0,
71.501503,8.6,42.18,1982,100,5,0,614.91,1,0,
71.591591,6,42.22,752,100,5,0,429.55,1,0,
71.411415,8.2,42.28,1915,100,6,0,585.57,1,0,
71.441444,6.2,42.28,2283,100,5,0,442.94,1,0,
71.501503,8.4,42.28,844,100,6,0,600.61,1,0,
71.531532,7.2,42.31,1986,100,5,0,515.03,1,0,
71.531532,5.4,42.37,743,100,5,0,386.27,1,0,
71.501503,8.4,42.37,1941,100,5,0,600.61,1,0,
71.441444,7.6,42.43,1982,100,6,0,542.95,1,0,
71.651657,9.4,42.43,1853,100,5,0,673.53,1,0,
71.381386,7.4,42.43,1981,100,6,0,528.22,1,0,
71.32132,8,42.43,1948,100,5,0,570.57,1,0,
71.501503,7.2,42.43,1330,100,5,0,514.81,1,0,
71.411415,10.4,42.43,1983,100,6,0,742.68,1,0,
71.561562,8,42.46,1696,100,5,0,572.49,1,0,
71.381386,9.8,42.5,2038,100,6,0,699.54,1,0,
71.381386,11.6,42.59,963,100,6,0,828.02,1,0,
71.441444,8.2,42.59,1982,100,6,0,585.82,1,0,
71.861862,8.4,42.59,1824,100,5,0,603.64,1,0,
71.441444,6.8,42.59,2297,100,6,0,485.8,1,0,
71.531532,12,42.62,883,100,5,0,858.38,1,0,
71.531532,6.4,42.68,1983,100,5,0,457.8,1,0,
71.501503,9.2,42.68,1815,100,5,0,657.81,1,0,
71.501503,8.4,42.71,958,100,5,0,600.61,1,0,
71.381386,10.4,42.71,1831,100,6,0,742.37,1,0,
71.531532,7.6,42.71,1918,100,5,0,543.64,1,0,
71.32132,9.2,42.71,2178,100,7,0,656.16,1,0,
71.62162,12,42.78,848,100,5,0,859.46,1,0,
71.441444,6.8,42.81,1987,100,6,0,485.8,1,0,
71.561562,10.4,42.81,784,100,5,0,744.24,1,0,
71.501503,6.4,42.81,2093,100,5,0,457.61,1,0,
71.32132,12.8,42.87,2070,100,6,0,912.91,1,0,
71.561562,8,42.9,1523,100,5,0,572.49,1,0,
71.531532,8.2,42.9,707,100,5,0,586.56,1,0,
71.561562,6.6,42.93,2229,100,5,0,472.31,1,0,
71.411415,9.8,42.93,859,100,6,0,699.83,1,0,
71.531532,7.6,42.93,1984,100,5,0,543.64,1,0,
71.561562,5.8,43,807,100,5,0,415.06,1,0,
71.471474,7.8,43,1929,100,5,0,557.48,1,0,
71.471474,7.4,43,2288,100,5,0,528.89,1,0,
71.561562,10.8,43,851,100,5,0,772.86,1,0,
71.531532,6,43.06,1982,100,5,0,429.19,1,0,
71.531532,8.8,43.06,1809,100,6,0,629.48,1,0,
71.471474,8.2,43.09,1044,100,5,0,586.07,1,0,
71.411415,8.6,43.09,1983,100,6,0,614.14,1,0,
71.561562,7.8,43.12,742,100,5,0,558.18,1,0,
71.531532,7.8,43.15,1786,100,6,0,557.95,1,0,
71.471474,9.6,43.19,2082,100,6,0,686.13,1,0,
71.62162,7.4,43.22,852,100,6,0,530,1,0,
71.531532,7.2,43.22,1984,100,5,0,515.03,1,0,
71.531532,5.8,43.28,745,100,5,0,414.88,1,0,
71.471474,8.6,43.28,1882,100,6,0,614.65,1,0,
71.501503,6.8,43.28,1730,100,5,0,486.21,1,0,
71.501503,9,43.28,1460,100,5,0,643.51,1,0,
71.501503,5.8,43.28,2276,100,5,0,414.71,1,0,
71.471474,8.2,43.28,845,100,6,0,586.07,1,0,
71.561562,7.4,43.34,1981,100,5,0,529.56,1,0,
71.531532,5.8,43.41,741,100,5,0,414.88,1,0,
71.531532,8,43.41,1863,100,5,0,572.25,1,0,
71.591591,7.6,43.44,854,100,6,0,544.1,1,0,
71.501503,9.8,43.44,1983,100,6,0,700.71,1,0,
71.501503,6.6,43.47,1674,100,5,0,471.91,1,0,
71.411415,9.4,43.5,1852,100,6,0,671.27,1,0,
71.62162,6,43.5,1416,100,5,0,429.73,1,0,
71.381386,10.6,43.53,1981,100,6,0,756.64,1,0,
71.531532,7.8,43.53,1795,100,5,0,557.95,1,0,
71.411415,9,43.56,1950,100,6,0,642.7,1,0,
71.471474,10,43.6,2080,100,5,0,714.71,1,0,
71.411415,7.6,43.63,1981,100,6,0,542.73,1,0,
71.561562,10.8,43.63,786,100,5,0,772.86,1,0,
71.531532,7,43.63,1793,100,6,0,500.72,1,0,
71.441444,10.8,43.66,2080,100,6,0,771.57,1,0,
71.441444,5.6,43.69,1980,100,5,0,400.07,1,0,
71.441444,8.6,43.69,1769,100,5,0,614.4,1,0,
71.471474,7,43.72,2282,100,5,0,500.3,1,0,
71.441444,8.6,43.72,1464,100,6,0,614.4,1,0,
71.561562,7.2,43.72,1694,100,5,0,515.24,1,0,
71.501503,6.6,43.82,1671,100,5,0,471.91,1,0,
71.591591,7,43.82,1998,100,5,0,501.14,1,0,
71.441444,8.4,43.82,957,100,6,0,600.11,1,0,
71.561562,7,43.82,1985,100,5,0,500.93,1,0,
71.561562,6,43.85,751,100,5,0,429.37,1,0,
71.32132,8,43.88,1937,100,6,0,570.57,1,0,
71.471474,7.4,43.92,1969,100,5,0,528.89,1,0,
71.381386,9.4,43.92,1985,100,6,0,670.99,1,0,
71.561562,6.8,43.92,748,100,5,0,486.62,1,0,
71.441444,7.6,43.98,1880,100,6,0,542.95,1,0,
71.711716,6.6,43.98,2275,100,6,0,473.3,1,0,
71.471474,8.2,43.98,830,100,5,0,586.07,1,0,
71.561562,7.6,43.98,1983,100,5,0,543.87,1,0,
71.531532,6,44.08,760,100,5,0,429.19,1,0,
71.531532,7.8,44.08,1913,100,5,0,557.95,1,0,
71.471474,7,44.08,2303,100,5,0,500.3,1,0,
71.921921,8.2,44.08,1895,100,5,0,589.76,1,0,
71.561562,6.6,44.14,1302,100,5,0,472.31,1,0,
71.531532,6.4,44.14,1009,100,5,0,457.8,1,0,
71.531532,6.8,44.17,2055,100,5,0,486.41,1,0,
71.411415,9.2,44.17,1303,100,6,0,656.99,1,0,
71.531532,9.8,44.24,1722,100,5,0,701.01,1,0,
71.531532,6.8,44.24,1983,100,5,0,486.41,1,0,
71.62162,8,44.24,1904,100,5,0,572.97,1,0,
71.471474,7.6,44.24,856,100,6,0,543.18,1,0,
71.381386,10.4,44.24,1983,100,6,0,742.37,1,0,
71.531532,6.2,44.3,741,100,5,0,443.5,1,0,
71.62162,7.8,44.33,1778,100,6,0,558.65,1,0,
71.501503,8.2,44.33,2300,100,5,0,586.31,1,0,
72.012016,7.6,44.36,1916,100,6,0,547.29,1,0,
71.561562,7,44.4,924,100,5,0,500.93,1,0,
71.501503,6.4,44.43,1777,100,6,0,457.61,1,0,
71.531532,7.6,44.43,1926,100,5,0,543.64,1,0,
71.471474,8.8,44.43,1766,100,6,0,628.95,1,0,
71.861862,8.4,44.46,1936,100,5,0,603.64,1,0,
71.531532,6.2,44.49,1982,100,5,0,443.5,1,0,
71.351357,8.2,44.49,1949,100,5,0,585.08,1,0,
71.411415,6.6,44.49,2218,100,6,0,471.32,1,0,
71.561562,11.2,44.53,856,100,5,0,801.49,1,0,
71.501503,6.8,44.59,1983,100,5,0,486.21,1,0,
71.441444,9,44.59,786,100,6,0,642.97,1,0,
71.561562,6.6,44.59,1951,100,5,0,472.31,1,0,
71.471474,8,44.59,1006,100,5,0,571.77,1,0,
71.531532,7.8,44.59,1981,100,5,0,557.95,1,0,
71.501503,6,44.69,886,100,5,0,429.01,1,0,
72.042046,8.6,44.69,1876,100,5,0,619.56,1,0,
71.411415,6.4,44.72,2236,100,6,0,457.03,1,0,
71.32132,14.4,44.72,910,100,7,0,1027.03,1,0,
71.531532,6.4,44.75,1980,100,5,0,457.8,1,0,
71.381386,10.6,44.75,1385,100,6,0,756.64,1,0,
71.441444,7.2,44.75,1914,100,5,0,514.38,1,0,
71.651657,8.6,44.82,2073,100,7,0,616.2,1,0,
71.351357,12.8,44.85,902,100,6,0,913.3,1,0,
71.411415,7.4,44.85,1983,100,6,0,528.44,1,0,
71.591591,10.6,44.85,783,100,5,0,758.87,1,0,
71.441444,8,44.85,1777,100,6,0,571.53,1,0,
71.381386,10,44.91,2034,100,6,0,713.81,1,0,
71.441444,9.8,44.91,1212,100,6,0,700.13,1,0,
71.381386,8.6,44.91,1978,100,6,0,613.88,1,0,
71.531532,6.8,44.95,822,100,5,0,486.41,1,0,
71.891891,6,44.98,1848,100,6,0,431.35,1,0,
71.561562,6.6,44.98,1935,100,5,0,472.31,1,0,
71.441444,8.6,44.98,1236,100,6,0,614.4,1,0,
71.801804,9,45.01,1880,100,5,0,646.22,1,0,
71.531532,5.8,45.04,1980,100,5,0,414.88,1,0,
71.591591,10,45.08,783,100,5,0,715.92,1,0,
71.471474,6.6,45.08,1936,100,5,0,471.71,1,0,
71.32132,11.4,45.14,2034,100,6,0,813.06,1,0,
71.591591,8.4,45.14,787,100,5,0,601.37,1,0,
71.411415,9.8,45.14,1985,100,6,0,699.83,1,0,
71.561562,7.2,45.14,726,100,5,0,515.24,1,0,
71.441444,8.2,45.18,1759,100,6,0,585.82,1,0,
71.981987,7.6,45.21,2063,100,5,0,547.06,1,0,
71.441444,7.8,45.21,1107,100,6,0,557.24,1,0,
71.471474,9.4,45.24,1568,100,5,0,671.83,1,0,
71.861862,5.8,45.27,1872,100,6,0,416.8,1,0,
71.501503,8.8,45.34,1729,100,6,0,629.21,1,0,
71.561562,6.8,45.34,1099,100,6,0,486.62,1,0,
71.351357,11,45.37,1987,100,6,0,784.86,1,0,
71.501503,7,45.37,1014,100,5,0,500.51,1,0,
71.471474,8.2,45.4,1726,100,6,0,586.07,1,0,
71.441444,8.4,45.4,2049,100,5,0,600.11,1,0,
71.531532,8.4,45.44,837,100,6,0,600.86,1,0,
71.531532,7.4,45.44,1984,100,5,0,529.33,1,0,
71.531532,5.8,45.47,744,100,5,0,414.88,1,0,
71.651657,8.4,45.47,1808,100,5,0,601.87,1,0,
71.501503,7,45.47,2223,100,5,0,500.51,1,0,
71.801804,7.6,45.47,1940,100,5,0,545.69,1,0,
71.531532,6.2,45.5,1575,100,5,0,443.5,1,0,
71.531532,7.8,45.5,699,100,6,0,557.95,1,0,
71.501503,7.6,45.5,2224,100,5,0,543.41,1,0,
71.411415,8.6,45.54,1807,100,6,0,614.14,1,0,
71.561562,7.2,45.57,1981,100,5,0,515.24,1,0,
71.531532,6,45.63,1535,100,5,0,429.19,1,0,
71.651657,7.8,45.63,1903,100,5,0,558.88,1,0,
71.501503,7.6,45.67,862,100,5,0,543.41,1,0,
71.501503,7.8,45.67,1987,100,5,0,557.71,1,0,
71.561562,6,45.73,751,100,5,0,429.37,1,0,
71.561562,7.2,45.73,1913,100,6,0,515.24,1,0,
71.471474,7.2,45.73,2232,100,5,0,514.59,1,0,
71.471474,8.6,45.73,1636,100,5,0,614.65,1,0,
71.531532,6.8,45.73,1827,100,5,0,486.41,1,0,
71.561562,5.8,45.77,740,100,5,0,415.06,1,0,
71.561562,7.4,45.77,1923,100,5,0,529.56,1,0,
71.441444,8,45.77,2233,100,6,0,571.53,1,0,
71.561562,10.8,45.83,841,100,5,0,772.86,1,0,
71.531532,6,45.87,1984,100,5,0,429.19,1,0,
71.411415,12.2,45.87,789,100,6,0,871.22,1,0,
71.471474,7.8,45.87,1844,100,6,0,557.48,1,0,
71.351357,9.4,45.93,2046,100,6,0,670.7,1,0,
71.471474,8.4,45.97,1751,100,5,0,600.36,1,0,
71.32132,8.2,45.97,1957,100,6,0,584.83,1,0,
71.561562,6.8,45.97,851,100,5,0,486.62,1,0,
71.501503,5.8,46.03,1916,100,6,0,414.71,1,0,
71.561562,8.2,46.03,1837,100,5,0,586.8,1,0,
71.441444,7.8,46.03,1767,100,5,0,557.24,1,0,
71.921921,8.8,46.03,1918,100,5,0,632.91,1,0,
71.591591,6,46.1,1987,100,5,0,429.55,1,0,
71.591591,9.2,46.1,737,100,5,0,658.64,1,0,
71.531532,6.6,46.1,2144,100,5,0,472.11,1,0,
71.29129,14.2,46.1,1486,100,7,0,1012.34,1,0,
71.531532,8.6,46.13,1378,100,5,0,615.17,1,0,
71.441444,9.8,46.13,1983,100,6,0,700.13,1,0,
71.531532,7.4,46.16,1926,100,5,0,529.33,1,0,
71.231232,9,46.2,2027,100,7,0,641.08,1,0,
71.381386,12.2,46.23,1006,100,6,0,870.85,1,0,
71.471474,8,46.26,808,100,6,0,571.77,1,0,
71.411415,11.4,46.26,1587,100,6,0,814.09,1,0,
71.471474,6.6,46.26,1751,100,5,0,471.71,1,0,
71.591591,8,46.3,1743,100,6,0,572.73,1,0,
71.441444,7.4,46.33,2234,100,5,0,528.67,1,0,
71.411415,7.8,46.33,1954,100,6,0,557.01,1,0,
71.561562,6.8,46.33,862,100,5,0,486.62,1,0,
71.411415,5.6,46.4,1912,100,6,0,399.9,1,0,
71.561562,7,46.4,1939,100,5,0,500.93,1,0,
71.411415,8.8,46.43,943,100,6,0,628.42,1,0,
71.501503,8,46.43,1972,100,5,0,572.01,1,0,
71.561562,5.8,46.47,1689,100,5,0,415.06,1,0,
71.411415,8,46.5,1932,100,5,0,571.29,1,0,
71.441444,6.4,46.5,2239,100,6,0,457.23,1,0,
71.531532,9.4,46.5,844,100,5,0,672.4,1,0,
71.561562,6.6,46.57,1987,100,5,0,472.31,1,0,
71.441444,9,46.57,920,100,6,0,642.97,1,0,
71.531532,7,46.57,1921,100,5,0,500.72,1,0,
71.351357,9.4,46.57,2078,100,7,0,670.7,1,0,
71.351357,13,46.6,842,100,6,0,927.57,1,0,
71.921921,7.2,46.63,1922,100,6,0,517.84,1,0,
71.411415,12.8,46.63,824,100,5,0,914.07,1,0,
71.411415,8.4,46.63,1873,100,6,0,599.86,1,0,
71.32132,10.6,46.7,2030,100,7,0,756.01,1,0,
71.501503,8.6,46.7,1055,100,5,0,614.91,1,0,
71.381386,8.8,46.7,1981,100,6,0,628.16,1,0,
71.561562,6.8,46.7,746,100,5,0,486.62,1,0,
71.381386,6,46.77,1929,100,6,0,428.29,1,0,
71.531532,6.8,46.8,1930,100,5,0,486.41,1,0,
71.471474,8.4,46.8,928,100,6,0,600.36,1,0,
71.501503,8,46.83,1976,100,5,0,572.01,1,0,
71.531532,6,46.87,1295,100,5,0,429.19,1,0,
71.531532,9.2,46.87,761,100,5,0,658.09,1,0,
71.501503,6.8,46.87,2158,100,5,0,486.21,1,0,
71.351357,12.6,46.87,1987,100,7,0,899.03,1,0,
71.561562,8.8,46.94,825,100,5,0,629.74,1,0,
71.351357,10.4,46.94,1987,100,6,0,742.05,1,0,
71.531532,8.2,46.94,1392,100,5,0,586.56,1,0,
71.441444,8,46.97,1673,100,6,0,571.53,1,0,
71.441444,9.6,47,2009,100,6,0,685.84,1,0,
71.561562,7.8,47,850,100,6,0,558.18,1,0,
71.501503,8.8,47,1984,100,5,0,629.21,1,0,
71.531532,5.6,47.04,751,100,5,0,400.58,1,0,
71.351357,8.4,47.07,1949,100,6,0,599.35,1,0,
71.471474,6.8,47.1,2253,100,5,0,486.01,1,0,
71.861862,8,47.1,1883,100,6,0,574.89,1,0,
71.531532,6.6,47.14,1470,100,5,0,472.11,1,0,
71.531532,5.8,47.17,722,100,5,0,414.88,1,0,
71.681686,6.8,47.17,1911,100,5,0,487.44,1,0,
71.471474,8.8,47.17,2262,100,6,0,628.95,1,0,
71.561562,10.8,47.24,842,100,5,0,772.86,1,0,
71.501503,6.4,47.24,1987,100,5,0,457.61,1,0,
71.531532,8.8,47.24,1613,100,5,0,629.48,1,0,
71.441444,6,47.24,2250,100,6,0,428.65,1,0,
71.351357,12.8,47.27,951,100,7,0,913.3,1,0,
71.531532,8,47.34,1277,100,5,0,572.25,1,0,
71.381386,11.4,47.34,1983,100,6,0,813.75,1,0,
71.711716,7,47.34,1895,100,5,0,501.98,1,0,
71.411415,9.6,47.41,1940,100,6,0,685.55,1,0,
71.381386,10.8,47.41,2045,100,6,0,770.92,1,0,
71.441444,8.2,47.41,1481,100,6,0,585.82,1,0,
71.471474,9.6,47.41,882,100,5,0,686.13,1,0,
71.831833,5.6,47.41,1872,100,6,0,402.26,1,0,
71.471474,9.2,47.44,1699,100,6,0,657.54,1,0,
71.501503,6.6,47.44,2249,100,5,0,471.91,1,0,
71.501503,8.2,47.44,966,100,5,0,586.31,1,0,
71.561562,6.8,47.48,1982,100,5,0,486.62,1,0,
71.471474,9.4,47.48,764,100,6,0,671.83,1,0,
71.561562,7,47.48,1922,100,5,0,500.93,1,0,
71.441444,8.8,47.48,2264,100,6,0,628.68,1,0,
71.62162,11.2,47.55,807,100,5,0,802.16,1,0,
71.32132,7.4,47.58,1975,100,6,0,527.78,1,0,
71.681686,11.4,47.62,804,100,5,0,817.17,1,0,
71.531532,7,47.62,1768,100,6,0,500.72,1,0,
71.411415,10.8,47.62,1959,100,6,0,771.24,1,0,
71.471474,8.2,47.65,1208,100,5,0,586.07,1,0,
71.411415,9,47.65,1983,100,6,0,642.7,1,0,
71.561562,6.6,47.68,767,100,5,0,472.31,1,0,
71.95195,5.8,47.72,1865,100,6,0,417.32,1,0,
71.651657,6.6,47.72,1915,100,5,0,472.9,1,0,
71.441444,8.8,47.72,1129,100,6,0,628.68,1,0,
71.95195,8.8,47.72,1910,100,5,0,633.18,1,0,
71.501503,6.4,47.79,1982,100,5,0,457.61,1,0,
71.561562,9.4,47.75,784,100,5,0,672.68,1,0,
71.801804,5.8,47.75,2239,100,6,0,416.45,1,0,
71.29129,14.2,47.82,920,100,7,0,1012.34,1,0,
71.561562,7.6,47.86,1821,100,5,0,543.87,1,0,
71.411415,9.6,47.86,1984,100,6,0,685.55,1,0,
71.921921,7.6,47.86,1855,100,5,0,546.61,1,0,
71.411415,8.6,47.89,1662,100,6,0,614.14,1,0,
71.411415,10.4,47.92,1989,100,6,0,742.68,1,0,
71.441444,7.6,47.92,1984,100,6,0,542.95,1,0,
71.531532,9.4,47.96,934,100,5,0,672.4,1,0,
71.651657,6.2,47.96,2226,100,6,0,444.24,1,0,
71.32132,12.6,47.99,1269,100,7,0,898.65,1,0,
71.561562,8.4,47.99,780,100,5,0,601.12,1,0,
71.411415,11,47.99,815,100,6,0,785.53,1,0,
71.681686,6.4,47.99,1919,100,5,0,458.76,1,0,
71.351357,11.6,47.99,2034,100,7,0,827.68,1,0,
71.591591,11,48.06,773,100,5,0,787.51,1,0,
72.012016,7.8,48.06,1904,100,6,0,561.69,1,0,
71.501503,11.8,48.06,787,100,5,0,843.72,1,0,
71.441444,7.2,48.06,1785,100,6,0,514.38,1,0,
71.891891,9,48.13,1981,100,6,0,647.03,1,0,
71.471474,7.2,48.13,1932,100,5,0,514.59,1,0,
71.381386,7.8,48.13,1972,100,5,0,556.77,1,0,
71.561562,6.4,48.2,1035,100,5,0,457.99,1,0,
71.531532,6.8,48.24,703,100,5,0,486.41,1,0,
71.471474,6,48.24,2302,100,5,0,428.83,1,0,
71.471474,8.2,48.24,826,100,6,0,586.07,1,0,
71.561562,7,48.24,1984,100,5,0,500.93,1,0,
71.591591,5.2,48.3,744,100,5,0,372.28,1,0,
71.651657,9,48.3,1768,100,5,0,644.86,1,0,
71.411415,8.2,48.3,2263,100,6,0,585.57,1,0,
71.591591,10,48.3,1388,100,5,0,715.92,1,0,
71.591591,6.2,48.34,1983,100,5,0,443.87,1,0,
71.381386,11.4,48.34,797,100,6,0,813.75,1,0,
71.62162,6.2,48.34,1935,100,5,0,444.05,1,0,
71.351357,10.6,48.34,1977,100,7,0,756.32,1,0,
71.381386,11.2,48.41,819,100,6,0,799.47,1,0,
71.351357,7.4,48.41,1978,100,6,0,528,1,0,
71.62162,10.2,48.41,747,100,5,0,730.54,1,0,
71.441444,7.6,48.44,1726,100,6,0,542.95,1,0,
71.32132,9.2,48.51,1992,100,6,0,656.16,1,0,
71.441444,7.8,48.51,1439,100,5,0,557.24,1,0,
71.471474,8.6,48.51,1982,100,6,0,614.65,1,0,
71.531532,6.2,48.55,760,100,5,0,443.5,1,0,
71.921921,7.6,48.62,1888,100,6,0,546.61,1,0,
71.501503,5.8,48.62,2254,100,5,0,414.71,1,0,
71.501503,7.6,48.62,807,100,6,0,543.41,1,0,
71.561562,7,48.65,1982,100,5,0,500.93,1,0,
71.681686,5.2,48.69,737,100,5,0,372.74,1,0,
71.561562,7.2,48.69,1934,100,5,0,515.24,1,0,
71.471474,7.2,48.69,2220,100,5,0,514.59,1,0,
71.591591,9.8,48.72,1736,100,5,0,701.6,1,0,
71.561562,6,48.79,1984,100,5,0,429.37,1,0,
71.381386,12,48.79,790,100,6,0,856.58,1,0,
71.591591,6.2,48.79,1875,100,5,0,443.87,1,0,
71.32132,11,48.83,1952,100,7,0,784.53,1,0,
71.441444,11,48.83,841,100,6,0,785.86,1,0,
71.441444,8.8,48.86,1986,100,6,0,628.68,1,0,
71.561562,8.8,48.86,1749,100,5,0,629.74,1,0,
71.381386,9.4,48.86,1885,100,6,0,670.99,1,0,
71.411415,11.6,48.9,2004,100,6,0,828.37,1,0,
71.561562,7.8,48.9,820,100,6,0,558.18,1,0,
71.381386,11.6,48.9,1982,100,6,0,828.02,1,0,
71.501503,6.2,48.9,1469,100,5,0,443.31,1,0,
71.441444,8.8,48.93,1697,100,6,0,628.68,1,0,
71.471474,6.2,48.93,2303,100,5,0,443.12,1,0,
71.471474,8.4,48.93,995,100,6,0,600.36,1,0,
71.591591,7,48.97,1983,100,5,0,501.14,1,0,
71.591591,5.2,49,729,100,5,0,372.28,1,0,
71.531532,7.8,49,1925,100,5,0,557.95,1,0,
71.471474,7.6,49,2304,100,6,0,543.18,1,0,
71.591591,11.8,49.04,847,100,5,0,844.78,1,0,
71.501503,6.8,49.07,1982,100,5,0,486.21,1,0,
71.381386,12.2,49.07,784,100,6,0,870.85,1,0,
71.531532,6.2,49.07,1866,100,5,0,443.5,1,0,
71.381386,10.8,49.11,1955,100,7,0,770.92,1,0,
71.411415,10.6,49.14,809,100,6,0,756.96,1,0,
71.561562,6.8,49.71,1983,100,5,0,486.62,1,0,
71.681686,5.2,49.75,743,100,5,0,372.74,1,0,
71.561562,7,49.75,1915,100,5,0,500.93,1,0,
71.411415,7.6,49.75,2245,100,6,0,542.73,1,0,
71.651657,12.2,49.78,822,100,5,0,874.15,1,0,
71.801804,6.2,49.78,1933,100,6,0,445.17,1,0,
71.381386,11.8,49.78,1106,100,6,0,842.3,1,0,
71.501503,6.8,49.78,1913,100,5,0,486.21,1,0,
71.441444,9,49.82,1712,100,6,0,642.97,1,0,
71.531532,8.4,49.85,1971,100,5,0,600.86,1,0,
71.471474,8.4,49.85,830,100,6,0,600.36,1,0,
71.561562,7,49.85,1981,100,5,0,500.93,1,0,
71.561562,5.6,49.92,751,100,5,0,400.74,1,0,
71.531532,9.2,49.92,1793,100,5,0,658.09,1,0,
71.471474,6,49.92,2227,100,6,0,428.83,1,0,
71.381386,12.4,49.96,1017,100,6,0,885.13,1,0,
71.381386,9.6,50.57,1983,100,7,0,685.26,1,0,
71.531532,7.6,50.57,750,100,5,0,543.64,1,0,
71.471474,7.8,50.61,1707,100,6,0,557.48,1,0,
71.501503,8.8,50.61,1890,100,5,0,629.21,1,0,
71.471474,8.6,50.61,1016,100,6,0,614.65,1,0,
71.711716,8.6,50.61,1867,100,5,0,616.72,1,0,
71.531532,6.4,50.65,1980,100,5,0,457.8,1,0,
71.531532,9.8,50.65,790,100,5,0,701.01,1,0,
71.891891,5.8,50.65,2186,100,6,0,416.97,1,0,
71.411415,12,50.72,1964,100,7,0,856.94,1,0,
71.471474,9.6,50.72,764,100,6,0,686.13,1,0,
71.381386,8.8,50.72,1982,100,6,0,628.16,1,0,
71.531532,8.6,50.76,752,100,5,0,615.17,1,0,
71.501503,7.4,50.79,1793,100,6,0,529.11,1,0,
71.471474,9.6,50.79,2025,100,6,0,686.13,1,0,
71.441444,9,50.79,863,100,6,0,642.97,1,0,
71.531532,7.8,50.83,1980,100,5,0,557.95,1,0,
71.681686,5.2,50.86,752,100,5,0,372.74,1,0,
71.741745,8.2,50.86,1918,100,5,0,588.28,1,0,
71.501503,7,50.86,2289,100,6,0,500.51,1,0,
71.501503,8.8,50.86,1680,100,5,0,629.21,1,0,
71.561562,6.4,50.9,1984,100,5,0,457.99,1,0,
71.531532,7.8,50.9,717,100,5,0,557.95,1,0,
71.591591,7.2,50.9,1885,100,5,0,515.46,1,0,
71.441444,8.8,50.9,2250,100,6,0,628.68,1,0,
71.591591,10.6,50.97,856,100,5,0,758.87,1,0,
71.501503,7.4,50.97,1983,100,5,0,529.11,1,0,
71.561562,10.6,50.97,837,100,5,0,758.55,1,0,
71.531532,6.6,50.97,1879,100,5,0,472.11,1,0,
71.381386,12,51.05,1961,100,7,0,856.58,1,0,
71.561562,9.4,51.05,774,100,5,0,672.68,1,0,
71.381386,10,51.05,1985,100,7,0,713.81,1,0,
71.681686,5.8,51.05,750,100,5,0,415.75,1,0,
71.471474,6.2,51.12,1927,100,6,0,443.12,1,0,
71.561562,7.2,51.12,2125,100,5,0,515.24,1,0,
71.471474,8.6,51.12,844,100,6,0,614.65,1,0,
71.561562,7.8,51.16,1983,100,5,0,558.18,1,0,
71.591591,5.6,51.19,957,100,5,0,400.91,1,0,
71.531532,9.6,51.19,1554,100,5,0,686.7,1,0,
71.441444,6,51.19,2253,100,6,0,428.65,1,0,
71.561562,11.8,51.23,842,100,5,0,844.43,1,0,
71.531532,6.8,51.27,1978,100,5,0,486.41,1,0,
71.441444,10.6,51.27,1983,100,6,0,757.28,1,0,
71.591591,7.2,51.27,1938,100,5,0,515.46,1,0,
71.261261,10,51.27,2034,100,7,0,712.61,1,0,
71.351357,12.6,51.34,935,100,6,0,899.03,1,0,
71.471474,8,51.34,951,100,6,0,571.77,1,0,
71.411415,12,51.34,884,100,6,0,856.94,1,0,
71.411415,6.4,51.34,1946,100,6,0,457.03,1,0,
71.471474,8.2,51.38,1618,100,6,0,586.07,1,0,
71.471474,7.2,51.38,2234,100,6,0,514.59,1,0,
71.501503,9.2,51.38,846,100,6,0,657.81,1,0,
71.591591,6.4,51.49,1982,100,5,0,458.19,1,0,
71.441444,9.8,51.53,787,100,6,0,700.13,1,0,
71.591591,6.8,51.56,1932,100,5,0,486.82,1,0,
71.351357,8.8,51.56,2011,100,7,0,627.89,1,0,
71.381386,12.4,51.6,884,100,6,0,885.13,1,0,
71.591591,7.4,51.6,1857,100,6,0,529.78,1,0,
71.381386,12.6,51.6,841,100,7,0,899.41,1,0,
71.471474,8.2,51.6,1655,100,6,0,586.07,1,0,
71.381386,9.8,51.67,1961,100,6,0,699.54,1,0,
71.471474,9,51.71,1674,100,6,0,643.24,1,0,
71.411415,9,51.71,1984,100,7,0,642.7,1,0,
71.591591,6.4,51.71,749,100,5,0,458.19,1,0,
71.801804,5.8,51.75,1877,100,6,0,416.45,1,0,
71.561562,7.6,51.75,1838,100,5,0,543.87,1,0,
71.501503,8.2,51.75,883,100,6,0,586.31,1,0,
71.591591,7.6,51.75,1979,100,5,0,544.1,1,0,
71.591591,5.8,51.79,1979,100,5,0,415.23,1,0,
71.531532,11,51.79,815,100,5,0,786.85,1,0,
71.531532,6.4,51.79,2008,100,5,0,457.8,1,0,
71.381386,11.8,51.82,1962,100,7,0,842.3,1,0,
71.62162,10.6,51.82,796,100,5,0,759.19,1,0,
71.411415,9,51.82,1981,100,6,0,642.7,1,0,
71.561562,8.8,51.82,757,100,5,0,629.74,1,0,
71.471474,7.6,51.86,1634,100,6,0,543.18,1,0,
71.921921,8.2,51.86,2074,100,6,0,589.76,1,0,
71.62162,7.4,51.86,854,100,6,0,530,1,0,
71.441444,9.4,51.9,1984,100,6,0,671.55,1,0,
71.561562,5.4,51.93,762,100,5,0,386.43,1,0,
71.411415,8,51.93,1955,100,6,0,571.29,1,0,
71.501503,6.4,51.97,2248,100,6,0,457.61,1,0,
71.501503,8.8,51.97,820,100,5,0,629.21,1,0,
71.591591,6.6,52.01,1983,100,5,0,472.5,1,0,
71.441444,9.4,52.01,929,100,6,0,671.55,1,0,
71.471474,7.8,52.01,1930,100,5,0,557.48,1,0,
71.261261,9.4,52.01,2076,100,7,0,669.86,1,0,
71.381386,12,52.05,935,100,6,0,856.58,1,0,
71.441444,8.4,52.05,1857,100,6,0,600.11,1,0,
71.651657,11.2,52.08,813,100,5,0,802.5,1,0,
71.62162,6.6,52.08,1784,100,6,0,472.7,1,0,
71.411415,10.2,52.12,1960,100,6,0,728.4,1,0,
71.471474,8.6,52.12,897,100,5,0,614.65,1,0,
71.381386,9.8,52.12,1981,100,6,0,699.54,1,0,
71.531532,8,52.16,753,100,5,0,572.25,1,0,
71.501503,7.2,52.2,1938,100,6,0,514.81,1,0,
71.531532,8.4,52.2,1902,100,5,0,600.86,1,0,
71.471474,8.2,52.2,873,100,5,0,586.07,1,0,
71.561562,7.8,52.23,1983,100,5,0,558.18,1,0,
71.561562,5.6,52.27,911,100,5,0,400.74,1,0,
71.981987,8.4,52.27,1872,100,5,0,604.65,1,0,
71.471474,7,52.27,2235,100,6,0,500.3,1,0,
71.501503,9.6,52.27,849,100,6,0,686.41,1,0,
71.591591,6.4,52.31,1983,100,5,0,458.19,1,0,
71.471474,9.6,52.31,754,100,6,0,686.13,1,0,
71.591591,6.8,52.31,1879,100,5,0,486.82,1,0,
71.29129,9.8,52.35,2042,100,7,0,698.65,1,0,
71.351357,12.8,52.38,936,100,7,0,913.3,1,0,
71.471474,7.2,52.38,1197,100,6,0,514.59,1,0,
71.411415,12.2,52.38,841,100,7,0,871.22,1,0,
71.411415,9,52.42,1804,100,6,0,642.7,1,0,
71.261261,9.2,52.46,1950,100,6,0,655.6,1,0,
71.501503,7.8,52.46,2043,100,5,0,557.71,1,0,
71.29129,9,52.46,1964,100,6,0,641.62,1,0,
71.591591,6.4,52.5,816,100,5,0,458.19,1,0,
71.531532,6.2,52.53,1592,100,5,0,443.5,1,0,
71.651657,6.8,52.53,1890,100,5,0,487.23,1,0,
71.471474,8.4,52.53,1771,100,6,0,600.36,1,0,
71.591591,9.6,52.57,1298,100,5,0,687.28,1,0,
71.531532,6.8,52.61,1986,100,5,0,486.41,1,0,
71.561562,10,52.61,814,100,5,0,715.62,1,0,
71.531532,6.4,52.61,2131,100,5,0,457.8,1,0,
71.351357,12.2,52.69,1961,100,7,0,870.49,1,0,
71.531532,10.6,52.69,811,100,5,0,758.23,1,0,
71.411415,9.2,52.69,1982,100,6,0,656.99,1,0,
71.531532,8.8,52.69,778,100,5,0,629.48,1,0,
71.62162,7.4,52.72,1622,100,6,0,530,1,0,
71.32132,9.2,52.72,2013,100,6,0,656.16,1,0,
71.561562,6.6,52.72,861,100,6,0,472.31,1,0,
71.441444,10,52.76,1984,100,6,0,714.41,1,0,
71.561562,5.2,52.8,761,100,5,0,372.12,1,0,
71.381386,8.8,52.8,1953,100,6,0,628.16,1,0,
71.531532,6.4,52.8,2240,100,5,0,457.8,1,0,
71.531532,9.2,52.8,1219,100,6,0,658.09,1,0,
71.561562,6.4,52.84,1980,100,5,0,457.99,1,0,
71.501503,8,52.88,721,100,5,0,572.01,1,0,
71.591591,6.6,52.88,1863,100,5,0,472.5,1,0,
71.501503,8.4,52.88,1132,100,6,0,600.61,1,0,
71.591591,9.4,52.91,1385,100,5,0,672.96,1,0,
71.501503,7.4,52.95,1985,100,5,0,529.11,1,0,
71.471474,10.2,52.95,1665,100,5,0,729.01,1,0,
71.411415,6.6,52.95,2215,100,6,0,471.32,1,0,
71.381386,13,52.99,1414,100,7,0,927.96,1,0,
71.561562,9,52.99,798,100,5,0,644.05,1,0,
71.381386,10.8,52.99,1983,100,7,0,770.92,1,0,
71.561562,7.4,52.99,1943,100,5,0,529.56,1,0,
72.012016,8,53.07,1943,100,7,0,576.1,1,0,
71.471474,11.2,53.07,1964,100,6,0,800.48,1,0,
71.95195,7.2,53.07,1895,100,7,0,518.05,1,0,
71.62162,11.6,53.07,824,100,5,0,830.81,1,0,
71.531532,8.6,53.1,1765,100,7,0,615.17,1,0,
71.441444,10.4,53.14,1966,100,6,0,742.99,1,0,
71.501503,8.2,53.14,951,100,5,0,586.31,1,0,
71.411415,10,53.14,1983,100,6,0,714.11,1,0,
71.531532,6.8,53.18,751,100,6,0,486.41,1,0,
71.471474,7.8,53.22,1659,100,6,0,557.48,1,0,
71.471474,6.8,53.22,2214,100,6,0,486.01,1,0,
71.501503,8.4,53.22,859,100,6,0,600.61,1,0,
71.591591,7,53.22,1981,100,5,0,501.14,1,0,
71.561562,5.4,53.26,745,100,5,0,386.43,1,0,
71.501503,8.2,53.26,1961,100,5,0,586.31,1,0,
71.471474,7.4,53.26,2238,100,6,0,528.89,1,0,
71.411415,8.2,53.26,1969,100,6,0,585.57,1,0,
71.561562,5.8,53.33,1231,100,5,0,415.06,1,0,
71.441444,9,53.33,720,100,6,0,642.97,1,0,
71.591591,6.4,53.33,2164,100,5,0,458.19,1,0,
71.411415,10.6,53.37,886,100,6,0,756.96,1,0,
71.891891,7.6,53.45,1932,100,5,0,546.38,1,0,
71.501503,8,53.45,1981,100,6,0,572.01,1,0,
71.531532,9.6,53.45,1445,100,5,0,686.7,1,0,
71.441444,8.4,53.49,1606,100,6,0,600.11,1,0,
71.441444,10.8,53.57,1952,100,6,0,771.57,1,0,
71.471474,8.6,53.53,823,100,6,0,614.65,1,0,
71.381386,10.6,53.53,1983,100,7,0,756.64,1,0,
71.531532,6.2,53.53,734,100,5,0,443.5,1,0,
71.501503,7.2,53.53,1801,100,6,0,514.81,1,0,
71.501503,7.2,54.11,1825,100,6,0,514.81,1,0,
71.531532,8.8,54.11,1725,100,5,0,629.48,1,0,
71.501503,7.4,54.11,892,100,5,0,529.11,1,0,
71.531532,7.6,54.11,1985,100,5,0,543.64,1,0,
71.591591,5.2,54.19,760,100,5,0,372.28,1,0,
71.411415,8.6,54.19,1954,100,6,0,614.14,1,0,
71.501503,6,54.19,2266,100,5,0,429.01,1,0,
71.501503,9.6,54.23,853,100,6,0,686.41,1,0,
71.561562,6.2,54.27,1984,100,5,0,443.68,1,0,
71.501503,8.2,54.3,733,100,6,0,586.31,1,0,
71.591591,6.4,54.3,1857,100,5,0,458.19,1,0,
71.501503,8.4,54.3,1008,100,6,0,600.61,1,0,
71.591591,9.2,54.34,1526,100,5,0,658.64,1,0,
71.441444,8.2,54.34,1985,100,6,0,585.82,1,0,
71.561562,10.6,54.34,826,100,5,0,758.55,1,0,
71.531532,6.6,54.34,2225,100,5,0,472.11,1,0,
71.381386,12.2,54.42,1584,100,7,0,870.85,1,0,
71.531532,9.2,54.42,809,100,5,0,658.09,1,0,
71.381386,11,54.42,1987,100,7,0,785.2,1,0,
71.561562,7.2,54.42,1944,100,5,0,515.24,1,0,
71.381386,10.8,54.42,2082,100,7,0,770.92,1,0,
71.441444,12.4,54.46,841,100,5,0,885.87,1,0,
71.32132,7.6,54.54,1963,100,7,0,542.04,1,0,
71.531532,10.6,54.54,834,100,5,0,758.23,1,0,
71.471474,8,54.54,1585,100,6,0,571.77,1,0,
71.411415,10.2,54.62,1949,100,6,0,728.4,1,0,
71.501503,8.4,54.62,923,100,6,0,600.61,1,0,
71.381386,10.2,54.62,1979,100,7,0,728.09,1,0,
71.591591,5.6,54.62,745,100,5,0,400.91,1,0,
71.501503,7,54.66,1953,100,6,0,500.51,1,0,
71.471474,6.4,54.66,2222,100,6,0,457.42,1,0,
71.471474,8.8,54.66,862,100,6,0,628.95,1,0,
71.561562,7.4,54.66,1989,100,5,0,529.56,1,0,
71.561562,5.4,54.66,761,100,5,0,386.43,1,0,
71.531532,8.6,54.66,1969,100,5,0,615.17,1,0,
71.501503,6.6,54.66,2227,100,6,0,471.91,1,0,
71.591591,11.4,54.7,843,100,5,0,816.14,1,0,
71.591591,6.2,54.74,1984,100,5,0,443.87,1,0,
71.411415,11.6,54.74,1016,100,7,0,828.37,1,0,
71.681686,6.6,54.74,1854,100,5,0,473.1,1,0,
71.351357,10.6,54.74,1964,100,7,0,756.32,1,0,
71.441444,11.4,54.74,928,100,6,0,814.43,1,0,
71.32132,8.6,54.74,1965,100,7,0,613.36,1,0,
71.651657,10.8,54.74,802,100,5,0,773.84,1,0,
71.501503,6.4,54.78,1953,100,6,0,457.61,1,0,
71.411415,10,54.82,1798,100,6,0,714.11,1,0,
71.471474,7.8,54.86,1685,100,6,0,557.48,1,0,
71.441444,9.6,54.86,1983,100,6,0,685.84,1,0,
71.561562,5.8,54.86,771,100,5,0,415.06,1,0,
71.801804,6.4,54.9,1906,100,6,0,459.53,1,0,
71.591591,6.6,54.9,1873,100,5,0,472.5,1,0,
71.441444,10,54.9,878,100,6,0,714.41,1,0,
71.501503,7.4,54.98,1979,100,5,0,529.11,1,0,
71.501503,7.4,54.98,1459,100,5,0,529.11,1,0,
71.591591,7.8,55.02,1959,100,5,0,558.41,1,0,
71.501503,7.2,55.02,2267,100,6,0,514.81,1,0,
71.981987,8.6,55.02,1932,100,5,0,619.05,1,0,
71.591591,6,55.02,1985,100,5,0,429.55,1,0,
71.531532,9.6,55.02,781,100,6,0,686.7,1,0,
71.831833,5.8,55.02,2245,100,5,0,416.62,1,0,
71.561562,8,55.02,820,100,6,0,572.49,1,0,
71.591591,7,55.06,1987,100,5,0,501.14,1,0,
71.531532,7.2,55.06,778,100,5,0,515.03,1,0,
71.561562,8,55.1,1917,100,5,0,572.49,1,0,
71.441444,8.8,55.1,1929,100,6,0,628.68,1,0,
71.561562,9.8,55.1,1814,100,5,0,701.3,1,0,
71.561562,5.8,55.14,1987,100,5,0,415.06,1,0,
71.531532,9.8,55.14,1373,100,6,0,701.01,1,0,
71.471474,6.8,55.14,2173,100,6,0,486.01,1,0,
71.591591,9.8,55.14,835,100,6,0,701.6,1,0,
71.591591,6.4,55.18,1986,100,5,0,458.19,1,0,
71.471474,8.4,55.18,726,100,6,0,600.36,1,0,
71.591591,7.2,55.18,1943,100,5,0,515.46,1,0,
71.441444,8.6,55.18,2200,100,6,0,614.4,1,0,
71.531532,10,55.26,1744,100,5,0,715.32,1,0,
71.501503,7.4,55.3,1987,100,5,0,529.11,1,0,
71.531532,9.8,55.34,1615,100,5,0,701.01,1,0,
71.531532,7.4,55.34,2276,100,6,0,529.33,1,0,
71.561562,10.8,55.34,909,100,5,0,772.86,1,0,
71.591591,6.4,55.38,1984,100,5,0,458.19,1,0,
71.471474,8.4,56.06,1274,100,6,0,600.36,1,0,
71.441444,11,56.06,1597,100,7,0,785.86,1,0,
71.471474,8.2,56.06,1971,100,6,0,586.07,1,0,
71.351357,9.4,56.14,1953,100,7,0,670.7,1,0,
71.411415,11.2,56.14,826,100,6,0,799.81,1,0,
71.381386,9.2,56.19,1983,100,7,0,656.71,1,0,
71.681686,9.2,56.19,1854,100,5,0,659.47,1,0,
71.981987,9.4,56.19,2107,100,7,0,676.63,1,0,
71.561562,11,56.23,1004,100,5,0,787.18,1,0,
71.441444,8,56.23,1979,100,6,0,571.53,1,0,
71.411415,12.8,56.23,868,100,7,0,914.07,1,0,
71.651657,7.8,56.23,1604,100,6,0,558.88,1,0,
71.381386,10.2,56.27,1952,100,7,0,728.09,1,0,
71.531532,9.2,56.27,799,100,5,0,658.09,1,0,
71.381386,10,56.27,1981,100,7,0,713.81,1,0,
71.62162,7.6,56.27,1919,100,5,0,544.32,1,0,
71.381386,10,56.35,1926,100,7,0,713.81,1,0,
71.381386,12.6,56.39,987,100,7,0,899.41,1,0,
71.381386,7.2,56.39,1965,100,6,0,513.95,1,0,
71.62162,11.2,56.39,846,100,5,0,802.16,1,0,
71.381386,9,56.39,1856,100,6,0,642.43,1,0,
71.381386,12.2,56.43,1923,100,7,0,870.85,1,0,
71.531532,9.2,56.43,805,100,6,0,658.09,1,0,
71.351357,10.2,56.43,1980,100,7,0,727.78,1,0,
71.921921,8.2,56.47,1904,100,5,0,589.76,1,0,
71.501503,8,56.47,1544,100,6,0,572.01,1,0,
71.501503,9.4,56.51,2152,100,6,0,672.11,1,0,
71.471474,8,56.51,848,100,6,0,571.77,1,0,
71.381386,12,56.51,831,100,6,0,856.58,1,0,
71.501503,6.4,56.55,1948,100,6,0,457.61,1,0,
71.441444,10.4,56.6,1949,100,6,0,742.99,1,0,
71.471474,8.8,56.6,854,100,6,0,628.95,1,0,
71.381386,11.4,56.6,1981,100,7,0,813.75,1,0,
71.591591,7.4,56.6,1934,100,6,0,529.78,1,0,
71.351357,8.8,56.64,1948,100,7,0,627.89,1,0,
71.411415,11.4,56.64,868,100,6,0,814.09,1,0,
71.381386,9.2,56.72,1981,100,7,0,656.71,1,0,
71.861862,9.2,56.72,1878,100,5,0,661.13,1,0,
71.891891,10.2,56.76,2159,100,7,0,733.3,1,0,
71.531532,11,56.8,1063,100,5,0,786.85,1,0,
71.561562,7,56.8,1983,100,5,0,500.93,1,0,
71.531532,10.8,56.84,830,100,5,0,772.54,1,0,
71.861862,6,56.84,2207,100,6,0,431.17,1,0,
71.591591,11.8,56.89,1063,100,5,0,844.78,1,0,
71.62162,6.2,56.93,1983,100,5,0,444.05,1,0,
71.591591,7.2,56.93,712,100,6,0,515.46,1,0,
71.561562,6.6,56.93,2085,100,5,0,472.31,1,0,
71.381386,11,56.93,936,100,7,0,785.2,1,0,
71.591591,7.6,56.97,1982,100,5,0,544.1,1,0,
71.711716,5.6,57.01,746,100,5,0,401.59,1,0,
71.501503,9.4,57.01,1962,100,6,0,672.11,1,0,
71.501503,6.8,57.01,2245,100,6,0,486.21,1,0,
71.501503,11,57.01,1852,100,5,0,786.52,1,0,
71.591591,5.8,57.05,780,100,5,0,415.23,1,0,
71.531532,7.8,57.05,1613,100,6,0,557.95,1,0,
71.501503,8,57.05,1968,100,6,0,572.01,1,0,
71.411415,8.8,57.05,1468,100,6,0,628.42,1,0,
71.531532,8,57.05,1038,100,5,0,572.25,1,0,
71.471474,7.4,57.09,1965,100,6,0,528.89,1,0,
71.381386,10.4,57.09,2058,100,6,0,742.37,1,0,
71.591591,7,57.09,862,100,6,0,501.14,1,0,
71.411415,11,57.09,1981,100,6,0,785.53,1,0,
71.441444,7.2,57.14,1969,100,6,0,514.38,1,0,
71.411415,10.8,57.18,1950,100,7,0,771.24,1,0,
71.531532,9,57.18,1681,100,5,0,643.78,1,0,
71.411415,11.2,57.18,1704,100,7,0,799.81,1,0,
71.561562,7.4,57.18,1970,100,5,0,529.56,1,0,
71.351357,10.4,57.18,1944,100,7,0,742.05,1,0,
71.561562,9.4,57.22,1840,100,5,0,672.68,1,0,
71.501503,8.2,57.22,1982,100,6,0,586.31,1,0,
71.411415,9,57.22,1956,100,5,0,642.7,1,0,
71.441444,7.6,57.22,2271,100,6,0,542.95,1,0,
71.741745,9.6,57.26,1875,100,5,0,688.72,1,0,
71.591591,5.6,57.26,769,100,5,0,400.91,1,0,
71.981987,8.4,57.26,1884,100,7,0,604.65,1,0,
71.591591,5.6,57.26,2241,100,5,0,400.91,1,0,
71.471474,9,57.26,842,100,6,0,643.24,1,0,
71.591591,6.4,57.3,1231,100,5,0,458.19,1,0,
71.531532,6.8,57.34,1958,100,6,0,486.41,1,0,
71.441444,9.6,57.34,2040,100,6,0,685.84,1,0,
71.531532,7.2,57.34,848,100,5,0,515.03,1,0,
71.411415,10.8,57.34,1981,100,6,0,771.24,1,0,
71.531532,5.6,57.34,1344,100,5,0,400.58,1,0,
71.801804,9,57.39,1903,100,7,0,646.22,1,0,
71.471474,9.8,57.39,1014,100,6,0,700.42,1,0,
71.351357,10.2,57.39,1983,100,7,0,727.78,1,0,
71.471474,9.4,57.39,1841,100,6,0,671.83,1,0,
71.411415,9.2,57.39,1727,100,7,0,656.99,1,0,
71.441444,10.8,57.39,1293,100,6,0,771.57,1,0,
71.561562,7.4,57.39,1843,100,7,0,529.56,1,0,
71.381386,12.8,57.39,832,100,5,0,913.68,1,0,
71.441444,8.8,57.47,1788,100,6,0,628.68,1,0,
71.411415,12.4,57.51,1372,100,7,0,885.5,1,0,
71.501503,8.6,57.51,1674,100,6,0,614.91,1,0,
71.351357,11.8,57.51,1198,100,7,0,841.95,1,0,
71.411415,7.6,57.51,1962,100,6,0,542.73,1,0,
71.471474,9.6,58.02,784,100,6,0,686.13,1,0,
71.651657,7.4,58.1,1550,100,6,0,530.22,1,0,
71.381386,11.4,58.1,1932,100,7,0,813.75,1,0,
71.501503,8.2,58.1,1853,100,7,0,586.31,1,0,
71.62162,11.2,58.1,840,100,6,0,802.16,1,0,
71.471474,9.2,58.1,1753,100,7,0,657.54,1,0,
71.531532,11.6,58.15,1057,100,6,0,829.77,1,0,
71.62162,5.6,58.19,836,100,5,0,401.08,1,0,
71.471474,9,58.19,1746,100,6,0,643.24,1,0,
71.501503,8,58.19,1966,100,5,0,572.01,1,0,
71.441444,9.2,58.19,1632,100,6,0,657.26,1,0,
71.531532,8,58.19,921,100,5,0,572.25,1,0,
71.471474,8.4,58.23,1770,100,6,0,600.36,1,0,
71.381386,12.4,58.23,1198,100,7,0,885.13,1,0,
71.501503,7.4,58.23,1981,100,5,0,529.11,1,0,
71.501503,10.6,58.23,834,100,6,0,757.92,1,0,
71.531532,8.2,58.28,1582,100,6,0,586.56,1,0,
71.531532,10.8,58.32,1137,100,6,0,772.54,1,0,
71.531532,7.2,58.4,844,100,5,0,515.03,1,0,
71.471474,8.8,58.4,1708,100,7,0,628.95,1,0,
71.471474,9.6,58.4,2231,100,6,0,686.13,1,0,
71.501503,8.2,58.4,1646,100,6,0,586.31,1,0,
71.441444,11.4,58.4,819,100,6,0,814.43,1,0,
71.561562,7,58.4,1533,100,6,0,500.93,1,0,
71.561562,12,58.45,1119,100,6,0,858.74,1,0,
71.531532,7.2,58.45,834,100,5,0,515.03,1,0,
71.471474,10,58.45,1809,100,7,0,714.71,1,0,
71.501503,8.6,58.45,1798,100,6,0,614.91,1,0,
71.381386,9.8,58.45,1982,100,7,0,699.54,1,0,
71.531532,7.2,58.45,760,100,6,0,515.03,1,0,
71.921921,9,58.53,1925,100,7,0,647.3,1,0,
72.012016,8.6,58.53,1933,100,5,0,619.3,1,0,
71.531532,7.6,58.53,865,100,5,0,543.64,1,0,
71.501503,8.4,58.53,1974,100,5,0,600.61,1,0,
71.501503,7.8,58.53,2201,100,6,0,557.71,1,0,
71.561562,8.2,58.58,1987,100,5,0,586.8,1,0,
71.561562,5.6,58.58,741,100,5,0,400.74,1,0,
71.411415,10.2,58.58,1836,100,7,0,728.4,1,0,
71.651657,9.4,58.58,925,100,6,0,673.53,1,0,
71.381386,10.8,58.58,1980,100,7,0,770.92,1,0,
71.531532,8,58.58,1972,100,5,0,572.25,1,0,
71.381386,9.2,58.66,1941,100,7,0,656.71,1,0,
71.531532,8,58.71,1981,100,5,0,572.25,1,0,
71.501503,6.8,58.71,1614,100,6,0,486.21,1,0,
71.381386,10.8,58.71,1919,100,7,0,770.92,1,0,
71.471474,9,58.75,1063,100,6,0,643.24,1,0,
71.441444,10.2,58.75,1983,100,6,0,728.7,1,0,
71.471474,6.8,58.75,1973,100,6,0,486.01,1,0,
71.381386,11.6,58.84,1847,100,7,0,828.02,1,0,
71.561562,7,58.84,1982,100,5,0,500.93,1,0,
71.501503,7.8,58.84,1977,100,6,0,557.71,1,0,
71.471474,9.6,58.84,2240,100,6,0,686.13,1,0,
71.891891,8,58.84,1898,100,7,0,575.14,1,0,
71.531532,10.4,58.84,834,100,6,0,743.93,1,0,
71.471474,8,58.88,1657,100,6,0,571.77,1,0,
72.042046,8.8,58.88,1936,100,5,0,633.97,1,0,
71.591591,5.4,58.88,761,100,5,0,386.59,1,0,
71.471474,9.8,58.88,1937,100,7,0,700.42,1,0,
71.501503,9.2,58.88,939,100,6,0,657.81,1,0,
71.411415,11,58.88,1984,100,7,0,785.53,1,0,
71.471474,8.2,58.88,1969,100,5,0,586.07,1,0,
71.381386,9.8,58.97,1918,100,7,0,699.54,1,0,
71.62162,7.6,59.01,1981,100,5,0,544.32,1,0,
71.531532,7.2,59.01,1698,100,6,0,515.03,1,0,
71.471474,6.4,59.49,1974,100,6,0,457.42,1,0,
71.381386,12.8,59.49,1280,100,7,0,913.68,1,0,
71.561562,7.2,59.49,1176,100,5,0,515.24,1,0,
71.381386,10.4,59.53,1958,100,7,0,742.37,1,0,
71.411415,8.8,59.53,1951,100,6,0,628.42,1,0,
71.471474,10,59.53,1531,100,6,0,714.71,1,0,
71.591591,7,59.62,755,100,6,0,501.14,1,0,
71.411415,9.6,59.67,1912,100,7,0,685.55,1,0,
71.62162,8.8,59.67,1965,94,5,0,630.27,1,0,
71.861862,5.4,59.67,1909,82,6,0,388.05,1,0,
71.561562,11.2,59.67,2241,75,7,0,801.49,1,0,
71.411415,8.2,59.67,1975,75,7,0,585.57,1,0,
71.411415,11.8,59.67,838,75,7,0,842.65,1,0,
71.62162,7.4,59.67,1626,64,6,0,530,1,0,
71.351357,12,59.71,1268,46,7,0,856.22,1,0,
71.561562,7.2,59.71,957,28,5,0,515.24,1,0,
71.471474,8,59.71,1607,20,6,0,571.77,1,0,
71.501503,8.2,59.76,1967,18,5,0,586.31,1,0,
71.891891,6.8,59.76,1916,19,7,0,488.86,1,0,
71.411415,11.8,59.8,2290,18,7,0,842.65,1,0,
71.441444,8.6,59.8,1983,12,7,0,614.4,1,0,
72.072075,0,59.8,0,0,0,0,0,0,0,
71.771774,0,59.8,0,0,0,0,0,0,0,
71.801804,0,59.8,0,0,0,0,0,0,0,
71.801804,0,59.8,0,0,0,0,0,0,0,
71.831833,0,59.8,0,0,0,0,0,0,0,
71.801804,0,59.8,0,0,0,0,0,0,0,
71.831833,0,59.8,0,0,0,0,0,0,0,
71.771774,0,59.8,0,0,0,0,0,0,0,
71.771774,0,59.8,0,0,0,0,0,0,0,
71.801804,0,59.8,0,0,0,0,0,0,0,
71.801804,0,59.8,0,0,0,0,0,0,0,
